Plot;Trt;Species;Sp_code;X1999;X2000;X2001;X2002;X2003;X2004;X2005;X2006;X2007;X2008;X2009;X2010;X2011;X2012;X2013;X2014
1;UR;Achillea ptarmica;AchiPtar;4.21;3.86;2.1;0.1873;0.0838;0;0;3.863;0.184;0.008;0.016;0;0.191;0.131;0.137;0.048
1;UR;Agrostis canina;AgroCani;0;0.01;0.02;0;0.0829;0.037;0;0.01;0.223;0.486;0.643;0.085;0.402;0.036;0.093;0.799
1;UR;Agrostis tenuis (Syn. A.capilaris);AgroTenu;0;0;0;0;0;0;0.038;0;1.738;0;0.174;0.072;0.164;0.508;0;0.502
1;UR;Ajuga reptans;AjugRept;0.09;0;0.14;0.0201;0.1012;0.056;0.018;0;0;0.087;0.127;0.005;0;0;0.034;0
1;UR;Angelica sylvestris;AngeSylv;0.23;0.86;0.3;0;0;0;0;0.868;0;0;0;0;0;0;0;0
1;UR;Anthoxanthum odoratum;AnthOdor;1.75;2.09;3.17;3.422;2.646;0.064;0.881;2.103;1.095;0.506;1.633;2.795;0.445;0.795;3.136;3.068
1;UR;Betonica officinalis;BetoOffi;0;5.96;0;0;0;0;0.007;0;0;0;0.014;0;0.005;0.04;0.114;0.307
1;UR;Briza media;BrizMedi;2.89;3.08;7.42;1.19;1.898;0.456;1.774;3.135;1.564;2.945;1.188;0.127;1.225;1.132;1.271;3.925
1;UR;Cardamine pratensis;CardPrat;0.04;0.01;0;0.0024;0;0.008;0.007;0.021;0;0;0.014;0;0;0;0;0
1;UR;Carex echinata (Syn. C. stelulata);CareEchi;0.05;0.02;0.02;0;0;0;0;0.029;0;0;0;0;0;0;0;0
1;UR;Carex hartmanii;CareHart;2.8;0.64;0.7;1.586;5.59;2.671;2.442;0.68;1.028;1.392;1.71;7.372;7.366;4.38;6.272;1.713
1;UR;Carex leporina;CareLepo;0.2;0.15;0;0.1881;0;0;0;0.122;0;0;0.06;0;0;0;0;0
1;UR;Carex nigra;CareNigr;0.43;0.28;0.23;0.0708;1.027;0.307;0;0.309;0.087;0.065;0.175;0.456;2.195;0;0.603;0.487
1;UR;Carex palescens;CarePall;0.12;0.13;0;0;0;0.063;0.006;0.128;0.49;0.224;1.098;2.314;1.415;0.837;3.311;2.825
1;UR;Carex panicea;CarePani;21;6.22;6.54;5.226;10.853;6.402;4.298;6.223;5.6;2.955;4.036;10.972;6.404;2.936;4.311;3.851
1;UR;Carex piluliferra;CarePilu;0.74;0.97;1.89;1.835;2.669;0.994;0.989;1.009;2.618;0.509;0.707;2.357;1.854;1.486;1.166;2.385
1;UR;Carex pulicaris;CarePuli;0.3;0.61;0.3;0.0399;0.1661;0.09;0.006;0.636;0.149;0.046;0.189;0.218;0.389;0.453;0.494;0.783
1;UR;Carex umbrosa;CareUmbr;0;0;0;0;0;0;0;0;0;0;0;0;0;0.373;0.382;0.12
1;UR;Centaurea jacea;CentJace;0;0;0;0.0171;0;0;0;0;0;0;0;0;0;0;0;0
1;UR;Cerastium vulgare (Syn. C. holosteoides);CeraHolo;0;0;0;0.0041;0;0;0.007;0;0;0;0;0;0;0;0;0
1;UR;Cirsium palustre;CirsPalu;1.21;4.12;6.61;33.053;2.643;2.311;12.8;4.095;0;0.012;0;0;0;0;0;0
1;UR;Cynosurus cristatus;CynCris;0;0.01;0.15;0;0;0;0;0.034;0;0;0;0;0;0;0;0
1;UR;Danthonia decumbens (Syn. Sieglingia decumbens);DantDecu;0.4;0.66;1.43;0.4434;0.8151;1.727;2.325;0.641;3.478;2.014;1.835;1.044;2.546;2.127;0;6.352
1;UR;Deschampsia cespitosa;DescCesp;0;0;0;0;0;0;0;0;0;0;0;0;0.068;0.217;0.072;0.058
1;UR;Festuca ovina;FestOvin;0.08;0;0;0;0;0.042;0;0;0;0.063;0.067;0;0;0;0;0
1;UR;Festuca pratensis;FestPrat;1.11;0.85;1.9;0.774;0.6183;0;0;0.84;0;0;0.085;0;0;0;0.501;0
1;UR;Festuca rubra;FestRubr;5.45;3.57;6.09;4.53;5.071;0.815;1.838;3.58;1.989;3.068;3.188;1.019;1.564;2.283;2.542;4.148
1;UR;Galium palustre;GaliPalu;0.67;0.77;0.28;0.0462;0;0;0.14;0.758;0;0.039;0;0;0.014;0;0.004;0
1;UR;Galium uliginosum;GaliUlig;0;0;0;0;0.0698;0;0;0;0.065;0.034;0.027;0.028;0.016;0.019;0;0.053
1;UR;Helictotrichon pubescens (Syn. Avenula pubescens);HeliPube;0;0;0;0;0;0;0;0;0;0.147;0.102;0;0;0;0;0
1;UR;Holcus lanatus;HolcLana;1.39;1.6;1.61;0.4017;0.197;0.57;1.421;1.583;1.629;1.674;3.021;2.032;3.38;3.815;1.693;0.601
1;UR;Juncus effusus;JuncEffu;0.84;0.58;0.77;1.024;4.817;0.891;0.813;0.607;0.704;0.644;0.404;7.152;5.565;2.945;4.562;1.968
1;UR;Lathyrus pratensis;LathPrat;0.45;0.49;0.07;0.0616;0.0295;0;0;0.488;0.034;0.208;0.113;0.216;0.127;0.491;0.142;0.255
1;UR;Luzula multiflora ;LuzuMult;0.17;0.14;0.59;0.43;0.2206;0.065;0.01;0.12;0.044;0.187;0.202;0.058;0.11;0.448;0.213;0.049
1;UR;Lychnis flos-cuculi;LychFlos;0;0.04;0;0.002;0.0932;0;0;0.039;0;0;0;0.045;0;0.007;0.143;0.063
1;UR;Lysimachia vulgaris;LysiVulg;2.22;3.46;3;2.707;1.315;1.592;0.131;3.493;0.249;0.046;0.133;0.062;0.203;0.211;0.354;0.167
1;UR;Molinia caerulea;MoliCaeru;0.2;0.63;0.16;0.475;0.928;2.377;0.205;0.615;6.969;8.91;8.356;5.811;4.879;4.801;6.129;2.413
1;UR;Myosotis nemorosa;MyosNemo;0.07;0.02;0.11;0.0118;0.0806;0.034;0.121;0.04;0;0;0;0;0;0;0;0
1;UR;Nardus stricta;NardStri;7.23;4.49;5.94;0.5898;0.1158;1.465;1.873;4.528;5.149;5.145;5.286;3.275;4.199;3.39;1.009;0.731
1;UR;Poa trivialis;PoaTriv;0;0;0;0;0;0;0;0;0;0;0.015;0;0;0;0;0
1;UR;Potentilla erecta;PoteErec;6.25;6.63;12.2;14.569;6.228;16.515;7.89;6.645;7.806;3.847;2.736;1.061;2.408;2.231;0.908;2.18
1;UR;Prunella vulgaris;PrunVulg;1.31;2.86;1.77;0.57;0.409;0.052;0.009;2.848;0.008;0.036;0.121;0.069;0.094;0.018;0.031;0.041
1;UR;Ranunculus acer (Syn. R. acris);RanuAcri;0.67;0.69;3.91;0.0589;0.2555;0.52;1.001;0.705;0.693;0.576;0.621;0.445;1.859;2.781;2.366;1.981
1;UR;Ranunculus auricomus;RanuAuri;0;0.01;0.02;0;0.0822;0.057;0;0.035;0;0.02;0;0;0;0;0;0
1;UR;Ranunculus flamula;RanuFlam;0.21;0.17;0.26;0.0839;0;0;0.024;0.116;0;0;0.056;0.193;0;0;0;0.028
1;UR;Ranunculus nemorosus;RanuNemo;0;0.02;0;0;0;0;0;0.018;0;0.016;0;0.004;0;0;0;0
1;UR;Rumex acetosa;RumeAcet;0;0;0;0.0072;0;0;0;0;0.009;0.009;0.004;0.022;0.032;0.092;0.035;0.05
1;UR;Sanguisorba officinalis;SangOffi;0;0;0;0;0;0;0;0;0;0;0.005;0.007;0.053;0.357;0.257;0.443
1;UR;Scirpus sylvaticus;ScirSylv;4.12;1.84;1.22;1.188;4.243;1.943;0.881;1.825;0.354;0.068;0.461;0.049;0;0;0;0
1;UR;Scorzonera humilis;ScorHumi;0.88;0.88;1.7;0.5722;0;0.258;0.396;0.902;0.041;0.272;0.414;0;0.032;0.159;0;0.094
1;UR;Selinum carvifolia;SeliCarv;0.29;0.43;1.03;0.2393;0.091;0;0;0.421;0;0.008;0.009;0.126;0;0.075;0;0
1;UR;Senecio rivularis (Syn. Tephroseris crispa);SenRivu;0;0.28;0.03;0;0;0;0;0.262;0;0;0;0;0;0;0;0
1;UR;Succisa pratensis;SuccPrat;0;0.01;0.16;0.0575;0.1555;0.375;0.022;0.007;0;0.17;0.501;1.472;3.154;6.267;3.44;2.542
1;UR;Taraxacum officinale;TaraOffi;0;0;0.02;0.0029;0;0;0;0;0;0.163;0;0;0;0;0;0
1;UR;Valeriana dioica;ValeDioi;0;0.02;0.11;0.0592;0.1582;0;0;0.017;0.045;0.06;0.021;0.09;0.03;0.041;0.001;0.014
3;FR;Achillea ptarmica;AchiPtar;0.28;0.63;0.42;0;0;0;0;0.665;0;0;0;0;0;0;0;0
3;FR;Agrostis canina;AgroCani;16.32;27.71;24.55;12.967;18.035;16.95;29;27.675;31.794;19.599;7.965;2.895;15.681;4.893;1.575;25.818
3;FR;Agrostis tenuis (Syn. A.capilaris);AgroTenu;0;0.02;0;0;0;0;0;0.016;0;0;0;0;0;0;0;0
3;FR;Ajuga reptans;AjugRept;0.22;0.21;1.02;1.062;0.3512;0;0.118;0.232;0.015;0.338;0.189;0;0;0;0;0
3;FR;Angelica sylvestris;AngeSylv;0.47;1.4;0.48;0;0;0;0;1.387;0;0;0;0;0;0;0;0
3;FR;Anthoxanthum odoratum;AnthOdor;0.39;0.08;1.27;3.745;0.1988;0;0;0.068;0;0;0;0;0;0;0.126;1.461
3;FR;Betonica officinalis;BetoOffi;4.48;0;6.68;2.412;1.874;6.068;5.5;5.928;6.852;11.788;5.327;4.193;3.149;3.31;1.11;2.243
3;FR;Briza media;BrizMedi;1.54;0.49;0.71;0;0.1655;0;0;0.469;0;0;0;0;0;0;0;0
3;FR;Cardamine pratensis;CardPrat;0.01;0.01;0;0;0;0;0;0.012;0;0;0;0;0;0;0;0
3;FR;Carex echinata (Syn. C. stelulata);CareEchi;0.07;0;0;0;0;0;0;0;0;0;0;0;0;0;0;0
3;FR;Carex hartmanii;CareHart;5.57;2.65;5.79;6.767;9.148;11.684;5.6;2.644;5.83;3.762;4.734;5.488;8.243;7.769;4.023;5.894
3;FR;Carex leporina;CareLepo;0;0.13;0.27;0.1044;0;0.022;0.241;0.124;0;0;0;0;0;0;0;0
3;FR;Carex nigra;CareNigr;2.62;1.56;1.46;0.9073;1.694;2.31;1.432;1.539;0.832;0.621;0.164;1.419;2.234;0.776;3.177;1.531
3;FR;Carex palescens;CarePall;0.12;0.21;0.11;0.1374;0.4019;0.348;0.34;0.207;0.939;1.022;0.741;0.308;1.141;0.27;0.545;1.086
3;FR;Carex panicea;CarePani;9.99;5.91;5.49;2.483;2.949;1.048;1.164;5.95;0.59;0.099;0;0;0;0.164;0.185;0.224
3;FR;Carex piluliferra;CarePilu;0.5;0.06;0;0;0;0;0;0.07;0;0;0;0;0;0;0;0
3;FR;Carex pulicaris;CarePuli;0;0;0;0;0;0;0;0;0;0;0;0;0;0;0;0.143
3;FR;Cerastium vulgare (Syn. C. holosteoides);CeraHolo;0.01;0.03;0;0;0;0;0;0;0;0;0;0;0;0;0;0
3;FR;Cirsium palustre;CirsPalu;0.08;0.21;3.34;1.698;0;0;0;0.217;0;0;0.044;1.222;22.86;10.496;0;0
3;FR;Danthonia decumbens (Syn. Sieglingia decumbens);DantDecu;0;0;0;0;0;0;0;0;0;0;0;0.002;0;0;0;0
3;FR;Deschampsia cespitosa;DescCesp;0.08;1.06;1.95;0.3317;8.201;11.519;9.03;1.091;6.996;5.206;3.195;0.744;0.773;0.51;0.875;4.138
3;FR;Equisetum arvense;EquiArve;0;0.18;0;0.1686;0.642;0.064;0.183;0.179;0.946;0.602;0.788;0.245;0.231;0.748;0.866;0.455
3;FR;Festuca pratensis;FestPrat;1.3;2.16;2.58;1.27;0.8358;0;0;10.624;0;0;0;0;0;0;0;0
3;FR;Festuca rubra;FestRubr;9.21;10.67;25.64;11.99;17.378;8.579;9;2.155;4.804;8.079;6.328;3.193;9.113;8.516;5.098;11.624
3;FR;Galium boreale;GaliBore;0.03;0.02;0;0;0;0;0;0.003;0;0;0;0;0;0;0;0
3;FR;Galium palustre;GaliPalu;0;0;0;0;0;0;0;0;0;0;0;0;0.025;0;0;0
3;FR;Galium uliginosum;GaliUlig;0.16;0;0;0;0;0;0;0;0;0;0;0;0;0;0;0
3;FR;Helictotrichon pubescens (Syn. Avenula pubescens);HeliPube;0;0;0;0;0;0;0;0;0;0;0;0;0;0;0.177;0
3;FR;Holcus lanatus;HolcLana;14.06;8.66;15.68;21.814;22.483;16.484;34.8;8.639;3.282;9.291;46.105;15.745;22.752;19.295;28.413;0.84
3;FR;Juncus effusus;JuncEffu;56.34;8.05;16.73;15.059;49.274;13.011;16.7;8.013;14.533;9.148;5.648;12.962;5.109;3.115;4.24;4.605
3;FR;Lathyrus pratensis;LathPrat;0.44;0.78;3.06;0.4501;0.4344;0.118;0.012;0.781;0;0;0;0;0;0.037;0;0
3;FR;Lychnis flos-cuculi;LychFlos;0.09;0.38;0;0;0;0.095;0;0.372;0;0;0;0;0;0;0;0
3;FR;Lysimachia vulgaris;LysiVulg;5.71;2.95;6.22;1.21;1.93;1.334;0.139;2.992;0;0;0;0.304;0.141;0.02;0.277;0.596
3;FR;Molinia caerulea;MoliCaeru;0.66;1.4;1.43;3.156;0.278;0.252;0.62;1.381;1.209;1.187;1.462;2.133;2.112;6.367;4.508;5.729
3;FR;Myosotis nemorosa;MyosNemo;4.54;3.38;0.72;0;0;0;1.222;3.361;0.003;0;0;0;0;0;0;0
3;FR;Nardus stricta;NardStri;0.14;0.2;0.51;0.1803;0.8231;0;6.72;0.188;0.801;6.206;1.699;0.484;1.299;1.988;1.005;4.534
3;FR;Pedicularis sylvatica;PediSylv;0;0;0;0;0;0;0;0;0;0;0;0;0.107;0.011;2.27;0
3;FR;Poa pratensis s.l. ;PoaPrat;3.33;0.57;0.13;0;0;0;0;0.578;0;0;0;0;0;0;0;0
3;FR;Poa trivialis;PoaTriv;0;0;0;0.5698;1.096;0;0;0;0;0;0;0;0.165;0;0;0
3;FR;Potentilla erecta;PoteErec;0.21;1.62;3.93;3.226;1.958;4.147;2.57;1.612;0.658;0.779;0.963;1.158;3.447;2.992;1.856;3.474
3;FR;Prunella vulgaris;PrunVulg;0.2;0.03;0;0;0;0.122;0;0.017;0;0;0.004;0;0;0;0;0
3;FR;Ranunculus acer (Syn. R. acris);RanuAcri;0;0;0;0;0;0;0;0;0;0;0.004;0;0.156;0;0.273;0.557
3;FR;Ranunculus auricomus;RanuAuri;0.01;0.01;0.05;0;0.0862;0.06;0;0.003;0;0.017;0;0;0;0;0;0
3;FR;Ranunculus flamula;RanuFlam;0.03;0;0;0;0;0.036;0.012;0;0;0;0;0;0;0;0;0
3;FR;Sanguisorba officinalis;SangOffi;0;0;0;0;0;0;0;0;0;0;0;0;0;0;0;0.047
3;FR;Scirpus sylvaticus;ScirSylv;1.85;0.76;0.71;0.689;1.056;1.301;0.292;0.737;4.304;4.449;3.585;4.422;2.273;2.959;11.282;9.293
3;FR;Selinum carvifolia;SeliCarv;2.68;1.65;4.15;0;0.129;0;0.121;1.639;0;0;0;0;0;0;0;0
3;FR;Senecio rivularis (Syn. Tephroseris crispa);SenRivu;0;0.11;0;0;0;0;0;0.126;0;0;0;0;0;0;0;0
3;FR;Veronica serpyllifolia;VeroSerp;0;0;0;0;0;0;0;0;0;0;0.026;0.039;0.039;0.085;0;0
6;UU;Achillea ptarmica;AchiPtar;0.14;0.15;0.22;0;0.0297;0;0;0.136;0.303;0;0;0;0.024;0.534;0.092;0.143
6;UU;Agrostis canina;AgroCani;0;0.22;0;0;0.3719;0;0;0.24;0.008;0.045;0.134;0.056;0.011;0;0;0.205
6;UU;Agrostis tenuis (Syn. A.capilaris);AgroTenu;0.08;0;0.03;0;0.0671;0.058;0;0;0.932;0.037;0;0.062;0.38;0.674;0.206;1.394
6;UU;Ajuga reptans;AjugRept;0.03;0;0;0;0;0;0.11;0;0;0;0;0;0;0;0;0
6;UU;Angelica sylvestris;AngeSylv;0.2;0.38;0.1;0.0138;0;0;0;0.377;0;0;0;0;0;0;0;0
6;UU;Anthoxanthum odoratum;AnthOdor;1.4;1.06;1.47;0.7783;0.8542;0.013;0.326;1.113;0.721;0.17;1.011;1.137;1.113;0.68;1.365;0.016
6;UU;Betonica officinalis;BetoOffi;0;0;0;0;0;0;0;0;0.009;0;0;0;0;0;0;0
6;UU;Briza media;BrizMedi;1.24;1.49;6.67;2.566;2.831;0.488;0;1.492;1.196;1.431;0.005;0.136;1.102;0.815;0.244;1.583
6;UU;Cardamine pratensis;CardPrat;0.01;0;0;0;0;0;0.075;0;0;0.007;0;0;0;0.011;0;0
6;UU;Carex hartmanii;CareHart;2.22;1.89;2.44;1.033;4.552;1.808;2.438;1.865;0.299;1.394;1.035;1.389;2.641;2.263;0.634;0.374
6;UU;Carex leporina;CareLepo;0;0;0;0;0;0;0;0;0;0;0;0;0;0;0;0.041
6;UU;Carex nigra;CareNigr;0.38;0;0.12;0;0.4892;0.406;0;0;0;0;0;0.438;1.33;0;0.811;1.139
6;UU;Carex palescens;CarePall;1.31;1.22;1.66;0.9661;1.349;0.45;0.952;1.235;1.074;0.691;2.076;1.856;1.437;1.226;1.629;3.757
6;UU;Carex panicea;CarePani;7.25;2.51;3.48;2.27;3.871;0.883;1.267;2.542;1.261;0.074;1.296;1.543;0.119;2.224;2.982;2.788
6;UU;Carex piluliferra;CarePilu;3.07;3.58;0.47;1.561;1.369;1.067;0;3.622;0.223;0.423;0.588;1.046;5.989;2.346;0.248;0.59
6;UU;Carex pulicaris;CarePuli;1.06;0.99;0.67;0.3416;0.8249;0.017;0;1.01;0.043;0;0.351;0.12;0.48;0.118;0.088;0.032
6;UU;Carex umbrosa;CareUmbr;9.27;3.87;8.68;6.232;6.957;2.893;7.178;3.885;9.974;5.812;3.313;3.801;1.999;4.799;5.35;2.159
6;UU;Centaurea jacea;CentJace;0;0.28;0.58;0.0218;0;0;0;0.226;0;0;0;0;0;0;0;0
6;UU;Cerastium vulgare (Syn. C. holosteoides);CeraHolo;0.02;0;0;0.0022;0;0;0;0.024;0.004;0;0;0;0;0;0;0
6;UU;Cirsium palustre;CirsPalu;0.08;0.09;0;0.0116;0.0639;0.326;0;0.099;0.003;0.049;0.265;2.531;6.265;3.267;0.028;0
6;UU;Cynosurus cristatus;CynCris;0;0.03;0.39;0.2765;0.6493;0;0;0.027;0;0;0;0;0;0;0;0
6;UU;Danthonia decumbens (Syn. Sieglingia decumbens);DantDecu;0.02;0.1;0.21;0.4131;1.213;0.133;2.171;0.106;5.065;1.166;0.625;0.513;2.614;1.274;1.877;5.319
6;UU;Deschampsia cespitosa;DescCesp;0;0;0;0;0;0;0;0;0;0;0;0.018;0;0;0;0.052
6;UU;Equisetum arvense;EquiArve;0;0;0;0;1.024;1.499;0.74;0;0.239;0.775;0.302;0;0.515;0.091;0.141;0.086
6;UU;Festuca ovina;FestOvin;1.19;0.64;0.54;1.053;1.218;0.168;0.954;0.635;0.419;0.384;0.419;0.624;0.621;1.335;0.454;0.243
6;UU;Festuca pratensis;FestPrat;0.29;0.15;0.15;0;0;0;0;0.183;0;0;0;0;0;0;0;0
6;UU;Festuca rubra;FestRubr;1.71;1.55;2.69;1.064;2.903;0.703;1.048;1.531;2.186;1.497;1.688;2.129;1.504;1.429;2.574;4.663
6;UU;Galium boreale;GaliBore;1.46;2.22;3.59;0.8621;0.6379;3.885;2.372;2.23;2.488;3.157;2.669;0.061;1.197;1.091;0.097;0.092
6;UU;Galium palustre;GaliPalu;0.03;0.07;0;0;0;0;0;0.079;0;0;0;0;0;0;0;0
6;UU;Galium uliginosum;GaliUlig;0.02;0;0;0;0;0;0.004;0;0.069;0.03;0.008;0.026;0.033;0.106;0;0.006
6;UU;Holcus lanatus;HolcLana;2.41;1.56;2.37;1.493;1.283;0.54;7.73;1.586;1.562;1.864;2.101;1.214;2.864;2.868;3.42;1.149
6;UU;Juncus effusus;JuncEffu;4.58;1.61;3.33;3.133;11.475;1.993;1.779;1.648;2.604;0.839;1.822;3.221;2.702;1.295;6.308;3.385
6;UU;Lathyrus pratensis;LathPrat;0.37;0.31;0.11;1.269;0.0532;0.161;0.221;0.33;0.401;0.024;0.381;0.629;0.564;0.163;0;0.648
6;UU;Luzula multiflora ;LuzuMult;0.08;0.04;0.51;0.4126;0.3499;0.086;0.641;0.046;0.319;0.455;0.403;0.409;0.058;0;0;0.028
6;UU;Lychnis flos-cuculi;LychFlos;0.05;0;0.01;0.008;0.0366;0;0;0;0.003;0.011;0.129;0.044;0.107;1.083;0.151;0
6;UU;Lysimachia vulgaris;LysiVulg;0.2;0.14;0.21;0.0448;0.0493;0.023;0;0.134;0;0;0;0;0;0;0;0
6;UU;Molinia caerulea;MoliCaeru;26.72;26.89;23.22;23.731;19.229;25.072;24.6;26.93;33.414;28.968;24.865;21.954;35.414;37.587;21.029;51.803
6;UU;Myosotis nemorosa;MyosNemo;0.02;0.01;0;0;0.0966;0.002;0.082;0.004;0;0;0;0;0;0;0;0
6;UU;Nardus stricta;NardStri;2.97;1.31;2.75;2.267;2.661;1.617;3.53;1.328;4.863;3.187;3.832;1.877;3.565;1.758;0.542;0.806
6;UU;Pedicularis sylvatica;PediSylv;0.01;0;0;0;0;0;0;0;0;0;0;0;0;0;0;0
6;UU;Plantago lanceolata;PlanLanc;0.47;1.07;3.83;1.835;0.9838;0.158;0;1.098;0;0;0;0;0;0;0;0
6;UU;Poa pratensis s.l. ;PoaPrat;0;0;0;0;0;0;0;0;0;0;0.012;0;0;0;0.005;0
6;UU;Poa trivialis;PoaTriv;0;0;0;0;0;0;0;0;0;0;0;0.084;0;0;0;0
6;UU;Potentilla erecta;PoteErec;0.49;0.42;0.52;0.4;0.1956;0.09;0.185;0.429;0.297;0.516;0.503;0.564;0.734;0.458;0.464;0.451
6;UU;Prunella vulgaris;PrunVulg;0.59;0.97;2.15;0.402;0.0485;0.01;0.001;0.995;0;0.025;0.1;0;0.058;0;0.017;0
6;UU;Ranunculus acer (Syn. R. acris);RanuAcri;0.45;0.98;2.8;1.398;0.3567;0.341;0.455;0.996;0.189;0.198;0;0.639;0.305;0.421;0.133;0.454
6;UU;Ranunculus auricomus;RanuAuri;0.07;0;0.02;0;0;0.021;0.034;0;0;0;0;0;0;0;0;0
6;UU;Ranunculus nemorosus;RanuNemo;0.08;0.07;0;0;0;0;0;0;0.04;0;0;0;0;0;0;0
6;UU;Rumex acetosa;RumeAcet;0.02;0.01;0.25;0.0254;0;0;0;0.022;0.005;0.106;0.015;0.073;0.043;0;0.043;0.016
6;UU;Sanguisorba officinalis;SangOffi;0.04;0.04;0.26;0.7398;0.2221;0;0;0.051;0;0;0;0;0;0;0;0
6;UU;Scirpus sylvaticus;ScirSylv;1.48;0.42;0.23;0.9501;1.133;0.367;0;0.449;1.38;2.371;1.359;3.002;5.111;2.965;2.552;0.999
6;UU;Scorzonera humilis;ScorHumi;0.41;0.55;0.77;0;0.0755;0.337;0.253;0.554;0.092;0.133;0.253;0;0.042;0;0;0
6;UU;Selinum carvifolia;SeliCarv;1.12;3.31;2.53;0;0.1026;0.066;0.438;3.291;0.003;0.005;0;0;0;0;0;0
6;UU;Senecio rivularis (Syn. Tephroseris crispa);SenRivu;0;0;0.03;0;0;0;0;0;0;0;0;0;0;0;0;0
6;UU;Stellaria graminea;StellGram;0;0;0;0;0;0;0;0;0;0;0.007;0;0;0;0;0
6;UU;Taraxacum officinale;TaraOffi;0;0;0;0;0;0;0;0;0;0;0;0.008;0;0.062;0;0
6;UU;Valeriana dioica;ValeDioi;0.03;0.13;0;0;0.1249;0.008;0;0.148;0.016;0;0.016;0;0;0;0;0.113
6;UU;Veronica serpyllifolia;VeroSerp;0;0;0;0;0;0;0;0;0;0;0;0.005;0;0;0;0
8;FU;Achillea ptarmica;AchiPtar;0.16;0.14;0;0;0.0868;0.256;0.227;0.129;0;0;0;0;0;0;0;0
8;FU;Agrostis canina;AgroCani;40.21;77.93;82.23;56.01;26.281;24.37;40.59;77.943;17.968;8.936;8.518;2.658;14.07;7.074;4.321;10.826
8;FU;Agrostis tenuis (Syn. A.capilaris);AgroTenu;0;0;0.27;0.0872;3.207;1.436;5.2;0;10.211;5.603;9.203;5.009;4.061;3.991;3.204;4.512
8;FU;Ajuga reptans;AjugRept;0.01;0;0.09;0;0;0;0;0;0;0;0;0;0;0;0;0
8;FU;Angelica sylvestris;AngeSylv;0.22;0.3;0.05;0;0;0;0;0.305;0;0;0;0;0;0;0;0
8;FU;Anthoxanthum odoratum;AnthOdor;0.61;0.87;0.55;0.3435;1.361;0.106;0.092;0.862;0.209;0.082;0.489;0.59;0.133;0;0.044;0.006
8;FU;Betonica officinalis;BetoOffi;0;0.08;3.27;0;0.9295;1.143;1.7;0.071;2.1;1.483;3.693;3.668;0.269;0.891;0;0.05
8;FU;Briza media;BrizMedi;0.51;0.27;0.85;0.0363;0;0;0;0.249;0.616;0;0;0;0;0;0;0.608
8;FU;Cardamine pratensis;CardPrat;0.1;0;0;0;0;0;0;0;0;0;0;0;0;0;0;0
8;FU;Carex hartmanii;CareHart;3.28;2.06;3.03;3.222;6.481;7.323;4.5;2.08;8.652;2.777;2.378;9.688;13.348;9.107;11.666;3.754
8;FU;Carex leporina;CareLepo;0.61;0.27;0;0;0.4854;0.94;0.8;0.29;0.359;0.211;0.066;0.48;0.15;0;0;0
8;FU;Carex nigra;CareNigr;3.29;2.15;3.16;1.926;0.6193;1.084;2.422;2.152;1.286;0.278;1.041;1.579;0;1.395;3.529;0.952
8;FU;Carex palescens;CarePall;3.37;0.41;1.04;0.2489;0.2215;1.888;1.131;0.452;1.028;1.485;2.314;1.336;0.379;0.142;0.139;0.258
8;FU;Carex panicea;CarePani;4.39;1.54;1.47;0;1.743;0.387;0.31;1.577;0;0.13;0.276;0.148;2.396;0.22;0.366;0.114
8;FU;Carex pulicaris;CarePuli;0;0;0;0;0;0.003;0;0;0;0;0;0;0;0;0;0
8;FU;Carex umbrosa;CareUmbr;0.4;0;0.2;0;0;0;0;0;0;0;0;0;0;0;0;0
8;FU;Cirsium palustre;CirsPalu;0.37;2.49;11.27;0;0;0;0.25;2.495;0.006;0.008;0.014;0.134;0;1.951;5.66;0
8;FU;Danthonia decumbens (Syn. Sieglingia decumbens);DantDecu;0;0;0;0;0;0;0;0;0;0;0;0.046;0;0;0;0
8;FU;Deschampsia cespitosa;DescCesp;0.69;1.85;5.52;10.46;8.581;10.075;5;1.844;1.313;1.991;1.23;0.689;0.668;0.01;0.352;0.125
8;FU;Epilobium palustre;EpilPalu;0.03;0;0;0;0;0;0;0;0;0;0.138;0;0;0;0;0
8;FU;Equisetum arvense;EquiArve;0;0;0;0;0;0;0;0;0;0;0.379;0;0;0.321;0.827;0.089
8;FU;Festuca ovina;FestOvin;0;0;0;0;0;0;0.042;0;0;0;0;0;0;0;0;0
8;FU;Festuca pratensis;FestPrat;0.78;0.73;1.6;0.4143;0.2468;0.095;0;0.746;0;0;0;0;0;0;0;0
8;FU;Festuca rubra;FestRubr;4.29;6.66;12.34;9.152;7.523;5.155;10.4;6.642;3.994;6.776;24.458;11.275;14.007;9.106;13.555;7.874
8;FU;Galium uliginosum;GaliUlig;0.02;0;0;0;0;0;0;0;0;0;0;0;0;0;0;0
8;FU;Helictotrichon pubescens (Syn. Avenula pubescens);HeliPube;0;0;0;0;0;0;0;0;0;0;0;0;0;0.044;0;0
8;FU;Holcus lanatus;HolcLana;2.28;2.26;5.2;3.633;10.072;8.411;18.56;2.264;2.11;7.241;28.387;15.306;7.29;1.729;8.33;0.225
8;FU;Juncus effusus;JuncEffu;22.83;9.95;8.21;8.939;15.646;9.35;8.45;9.973;11.209;6.265;0;20.743;28.093;11.953;28.106;8.111
8;FU;Lathyrus pratensis;LathPrat;0.77;1.04;2.62;0.4456;0.1349;0.044;0.039;1.07;0;0;0;0;0;0;0;0
8;FU;Luzula multiflora ;LuzuMult;0;0;0;0.0141;0.0687;0;0.022;0;0;0.075;0;0;0;0;0;0
8;FU;Lychnis flos-cuculi;LychFlos;0;0;0;0;0;0.019;0.072;0;0;0;0;0;0;0;0;0
8;FU;Lysimachia vulgaris;LysiVulg;3.35;1.05;0.17;0.5742;0.0863;0.068;0.107;1.062;0.052;0.073;0.006;0.706;0.034;0.001;0.058;0.005
8;FU;Molinia caerulea;MoliCaeru;6.69;7.26;9.58;7.596;6.009;10.561;13.74;7.256;13.687;11.308;0;15.647;21.679;22.841;19.132;42.889
8;FU;Myosotis nemorosa;MyosNemo;4.24;2.07;0.26;0;0;0.079;0.022;2.09;0;0;0;0;0;0;0;0
8;FU;Nardus stricta;NardStri;0.04;0;0.02;0;0;0;0;0;0;0.251;0.07;0.684;0.455;1.367;0.769;0.652
8;FU;Plantago lanceolata;PlanLanc;0.16;0.1;0;0;0;0;0;0.101;0;0;0;0;0;0;0;0
8;FU;Poa pratensis s.l. ;PoaPrat;1.15;0.44;0.19;0.1519;0;0;0;0.46;0.152;0;0;0.014;0;0;0;0
8;FU;Poa trivialis;PoaTriv;0;0;0;0.1596;0.1707;0;0.031;0;0;0;0;0;0;0;0;0
8;FU;Potentilla erecta;PoteErec;0.16;0.14;0.15;0.0615;0.1678;0.024;0.038;0.149;1.033;1.386;3.547;1.416;3.034;1.835;1.262;0.878
8;FU;Prunella vulgaris;PrunVulg;0.03;0.11;0;0;0;0;0;0.1;0.008;0;0;0;0;0;0;0
8;FU;Ranunculus acer (Syn. R. acris);RanuAcri;0.11;0.32;0;0;0;0.085;0;0.313;0;0;0;0;0;0;0;0
8;FU;Ranunculus auricomus;RanuAuri;0.06;0;0;0;0;0;0;0;0;0;0;0;0;0;0;0
8;FU;Ranunculus flamula;RanuFlam;0.01;0;0;0;0;0;0;0;0;0;0;0;0;0;0;0
8;FU;Rumex acetosa;RumeAcet;0;0;0;0.0038;0;0;0;0;0.005;0;0;0;0;0;0;0
8;FU;Scirpus sylvaticus;ScirSylv;0;0;0;0;0;0;0;0;0.142;0;0.732;6.077;6.675;6.442;12.7;4.648
8;FU;Selinum carvifolia;SeliCarv;0.14;0;0;0;0;0.17;0;0;0;0;0.004;0;0;0;0;0
9;FU;Achillea ptarmica;AchiPtar;2.23;0.99;1.53;0.0147;0;0;0;0.992;0;0;0;0;0;0.099;0;0
9;FU;Agrostis canina;AgroCani;0.64;0.37;0.6;0.2823;0;0;0.048;0.347;0;0.478;0.031;0.073;0;0.472;0.723;2.351
9;FU;Agrostis tenuis (Syn. A.capilaris);AgroTenu;37.47;28.72;67.86;56.908;53.357;62.42;72.1;28.678;42.346;36.661;20.86;13.143;18.81;11.562;5.113;11.261
9;FU;Ajuga reptans;AjugRept;0.07;0.38;0.64;0;0;0;0;0.41;0;0;0;0;0;0;0;0
9;FU;Angelica sylvestris;AngeSylv;0.93;1.62;1.78;0;0;0;0.006;1.611;0;0;0;0;0;0;0;0
9;FU;Anthoxanthum odoratum;AnthOdor;0.21;0.01;0.19;0.3799;0.1701;0;0;0.002;0;0;0;0;0;0;0.082;0
9;FU;Betonica officinalis;BetoOffi;0;0;0;0;0;0.021;0;0;0;0.101;0;0;0;0;0;0
9;FU;Briza media;BrizMedi;0.68;0;0.1;0;0;0;0;0;0;0;0;0;0;0;0;0
9;FU;Carex echinata (Syn. C. stelulata);CareEchi;0.03;0;0;0;0;0;0;0;0;0;0;0;0;0;0;0
9;FU;Carex hartmanii;CareHart;2.09;1.17;4.44;1.937;10.156;8.588;5.39;1.169;4.953;1.387;2.851;11.354;4.989;3.104;7.839;1.544
9;FU;Carex leporina;CareLepo;0;0;0;0;0;0;0;0;0;0;0;0;0;0;0.057;0.096
9;FU;Carex nigra;CareNigr;0.6;0.32;0.61;0.6872;1.447;0.134;0;0.304;0.645;0.125;0.073;0;1.529;0.232;0;0.999
9;FU;Carex palescens;CarePall;0.99;0.13;0.55;0.3811;0;0;0;0.119;0;0;0.402;0.358;0;0.201;1.081;1.108
9;FU;Carex panicea;CarePani;1.87;0.24;0.25;0.2081;0;0;0;0.264;0;0;0;0;0;0;0;0.095
9;FU;Carex piluliferra;CarePilu;0;0;0;0;0;0;0;0;0.86;0;0;0;0;0;0;0
9;FU;Cerastium vulgare (Syn. C. holosteoides);CeraHolo;0.16;0.06;0.14;0.003;0;0.002;0;0.077;0;0;0;0;0.002;0;0;0
9;FU;Cirsium palustre;CirsPalu;0.96;27.81;1.18;2.093;0;0;0;27.774;0.005;0.006;0.018;0;0;0;0;0
9;FU;Deschampsia cespitosa;DescCesp;0.01;0.18;0;0;0;0;0;0.185;0;0;0;0.201;0;6.999;5.326;7.301
9;FU;Epilobium ciliatum (Syn. E. adenocaulon);EpilCili;0;0;0;0;0;0;0;0;0;0;0;0.024;0;0;0;0
9;FU;Epilobium palustre;EpilPalu;0.01;0;0;0;0;0;0;0;0;0;0;0;0.058;0;0;0
9;FU;Equisetum arvense;EquiArve;0;0;0;0;0;0;0;0;0;0;0;0.032;0.986;0.111;1.125;0.657
9;FU;Festuca pratensis;FestPrat;0.26;0.08;0.1;0;0.9639;0;0;0.057;0;0;0;0;0;0;0;0
9;FU;Festuca rubra;FestRubr;12.36;10.27;17.93;6.255;6.856;9.376;16.7;10.259;9.921;29.765;24.547;14.606;24.342;24.887;25.535;32.495
9;FU;Galium boreale;GaliBore;0;0;0;0.0039;0;0;0;0;0;0;0;0;0;0;0;0
9;FU;Galium palustre;GaliPalu;0.04;0;0;0;0;0;0;0;0;0;0;0;0;0;0;0
9;FU;Helictotrichon pubescens (Syn. Avenula pubescens);HeliPube;0;0;0;0.0953;0;0;0;0;0;0;0.668;0;0;0;0;0
9;FU;Holcus lanatus;HolcLana;9.23;3.58;29.17;20.892;24.721;13.728;11.54;3.57;0.69;9.781;8.284;3.563;1.108;1.078;7.139;0.261
9;FU;Juncus effusus;JuncEffu;0;0.06;0.02;0;0.189;1.718;2.794;0.047;1.1;0.555;2.572;7.507;1.87;4.681;2.401;7.344
9;FU;Lathyrus pratensis;LathPrat;1.57;1.08;4.1;1.753;0.8866;0.736;0.608;1.059;0.049;0.121;0.845;0.437;0.362;0.173;0.748;0.008
9;FU;Luzula multiflora ;LuzuMult;0;0.03;1.46;0.3018;1.118;0.579;0;0.028;0.179;2.424;0.028;0;0.198;0.233;0;0
9;FU;Lychnis flos-cuculi;LychFlos;0;0;0;0;0.0703;0;0;0;0;0;0;0;0;0;0;0
9;FU;Lysimachia vulgaris;LysiVulg;6.9;0.03;0.36;0;0;0.125;1.161;0.03;0.024;0;0;0;0;0;0;0
9;FU;Molinia caerulea;MoliCaeru;21.07;10.79;14.18;10.115;11.685;17.407;14.2;10.805;15.884;15.242;16.248;15.164;18.232;12.252;18.897;17.074
9;FU;Myosotis nemorosa;MyosNemo;0;0;0;0;0;0.056;0.051;0;0;0;0;0;0;0;0;0
9;FU;Nardus stricta;NardStri;0.06;0;0;0;0;0;0;0;0;0;0;0;0;0;0;0
9;FU;Poa pratensis s.l. ;PoaPrat;0.95;0.25;0.91;0;0;0;0;0.262;0;0;0;0.011;0;0;0;0
9;FU;Poa trivialis;PoaTriv;0;0;0;2.946;0.6048;0;0.488;0;0;0;0;0;0.119;0;0;0
9;FU;Potentilla erecta;PoteErec;0.19;0.25;0.22;0.1096;0.2108;0.178;0.63;0.246;0.09;0.168;0.174;0.177;0.649;0.518;1.372;0.376
9;FU;Prunella vulgaris;PrunVulg;0.05;0;0;0;0;0;0;0;0;0;0;0;0;0;0.011;0
9;FU;Ranunculus acer (Syn. R. acris);RanuAcri;0.14;0;0.07;0;0;0.012;0.075;0;0;0;0;0;0;0;0;0
9;FU;Ranunculus flamula;RanuFlam;0.02;0;0;0;0;0;0;0;0;0;0;0;0;0;0;0
9;FU;Ranunculus nemorosus;RanuNemo;0;0;0;0;0;0;0;0;0;0;0;0.009;0;0;0;0
9;FU;Rumex acetosa;RumeAcet;0.12;0.74;6.22;0.3403;0.0768;0.362;0.006;0.745;0.08;1.863;0.795;1.31;0.517;0.62;1.234;1.096
9;FU;Scirpus sylvaticus;ScirSylv;0.54;0;0.47;0;0;0;0;0;0.625;0.828;0.5;2.78;6.833;5.885;7.687;3.533
9;FU;Selinum carvifolia;SeliCarv;0;0;0;0;0;0;0;0;0;0;0;0;0.007;0;0;0
9;FU;Succisa pratensis;SuccPrat;0.08;0;0;0;0.0583;0;0;0;0.076;0;0;0;0;0;0;0.019
9;FU;Taraxacum officinale;TaraOffi;0.02;0;0;0.1939;0;0;0;0;0;0;0;0;0;0;0;0
11;UU;Achillea ptarmica;AchiPtar;0.98;1.58;2.99;0.9137;0.2137;0.557;1.712;1.639;0.38;0.726;0.222;0.026;0.008;0;0.142;0
11;UU;Agrostis canina;AgroCani;0.63;0.04;0;0.5656;0.2573;0.017;0.402;0.019;0.516;1.781;2.695;1.389;1.753;2.04;2.368;4.903
11;UU;Agrostis tenuis (Syn. A.capilaris);AgroTenu;1.83;1.25;1.73;1.785;2.352;1.23;3.6;1.245;5.87;4.125;6.235;3.045;3.361;1.698;0.914;4.482
11;UU;Ajuga reptans;AjugRept;0;0;0;0;0;0;0;0;0.008;0;0;0;0;0;0;0
11;UU;Angelica sylvestris;AngeSylv;0.39;0.55;0.26;0;0;0;0;0.537;0;0;0;0;0;0.002;0.014;0
11;UU;Anthoxanthum odoratum;AnthOdor;1.54;1.28;0;5.113;4.382;0.408;1.543;1.13;1.367;0.649;2.682;2.296;1.011;0.786;2.647;2.469
11;UU;Betonica officinalis;BetoOffi;0;0;0;0;0;0;0;0;0;0.04;0.365;0.477;0.731;0.75;1.15;2.127
11;UU;Briza media;BrizMedi;0.75;0.67;3.52;4.457;2.997;0.493;2.6;0.727;1.328;1.882;1.01;0.934;1.527;1.087;0.45;0.492
11;UU;Carex hartmanii;CareHart;2.61;0.86;1.05;0.6673;0.7796;0.207;0.706;0.831;1.28;1.648;2.78;2.645;3.27;2.628;3.669;0.702
11;UU;Carex leporina;CareLepo;3.99;1.38;1.49;1.49;3.988;1.035;0.575;1.459;0.074;0.031;0;0;0;0;0;0
11;UU;Carex nigra;CareNigr;0.43;0;0;0.152;0;0.276;0.3;0;0;0;0;0.074;0.196;0;0.117;0.516
11;UU;Carex palescens;CarePall;6.42;1.89;2.44;2.507;4.532;1.784;3.065;1.917;2.766;2.958;2.293;3.211;2.928;1.962;3.915;2.691
11;UU;Carex panicea;CarePani;5.85;1.86;2.18;1.221;3.694;1.039;1.04;1.869;1.03;0.736;1.524;1.226;1.388;1.164;1.645;0.76
11;UU;Carex piluliferra;CarePilu;1.39;0.67;0.46;0.6527;0.3471;0.26;0.511;0.786;0.531;0.038;0.172;0.372;0.275;0.774;0.282;0.096
11;UU;Carex pulicaris;CarePuli;0;0;0;0;0;0;0;0;0.029;0;0;0;0;0;0;0
11;UU;Carex umbrosa;CareUmbr;0;0.06;0;0;0;0;0.437;0.07;0;0;0;0;0;0;0;0
11;UU;Cerastium vulgare (Syn. C. holosteoides);CeraHolo;0.01;0.07;0.02;0;0;0;0;0.055;0.019;0.339;0.078;0;0;0;0;0
11;UU;Cirsium palustre;CirsPalu;0.03;0.26;0.57;2.471;1.028;2.897;11.3;0.265;0;0.716;5.61;0.308;4.914;0.127;0.196;0
11;UU;Cynosurus cristatus;CynCris;0;0;0.32;0.469;0.3858;0;0;0;0;0;0;0;0;0;0;0
11;UU;Danthonia decumbens (Syn. Sieglingia decumbens);DantDecu;0.28;0.4;0.33;0.432;0.3779;0.355;0.244;0.458;0.176;0.206;0;0.043;0.158;0;0;0
11;UU;Deschampsia cespitosa;DescCesp;5.39;5.13;9.54;10.748;9.423;4.066;7.11;5.15;2.633;1.817;3.499;2.472;4.097;1.825;1.519;0.902
11;UU;Epilobium ciliatum (Syn. E. adenocaulon);EpilCili;0;0;0;0;0;0;0;0;0;0;0.238;0;0;0;0;0
11;UU;Epilobium palustre;EpilPalu;0;0;0;0;0;0;0.05;0;0;0;0;0;0;0;0;0
11;UU;Equisetum arvense;EquiArve;0;0;0;0;0;0;0;0;0.129;0.454;0.509;0.418;0;0;0;0.418
11;UU;Festuca ovina;FestOvin;0.07;0.51;0.97;0.951;0;0.191;0;0.594;0;0;0;0;0;0;0;0
11;UU;Festuca pratensis;FestPrat;0.1;0.36;0.28;0.4312;0.3921;0;0;0.358;0;0;0;0;0;0;0;0
11;UU;Festuca rubra;FestRubr;5.19;4.35;5.49;3.548;2.931;2.326;8.4;4.432;7.859;7.354;6.468;4.726;3.904;5.597;4.204;4.928
11;UU;Galium boreale;GaliBore;0.33;1;1;1.24;0.9381;1.016;1.225;1.012;0.948;0.563;0.247;0.032;0.229;0;0;0.03
11;UU;Galium palustre;GaliPalu;0.01;0;0;0;0;0;0;0;0;0;0;0.011;0.004;0;0;0
11;UU;Galium uliginosum;GaliUlig;0;0;0;0;0;0;0;0;0;0;0.006;0;0;0;0;0
11;UU;Helictotrichon pubescens (Syn. Avenula pubescens);HeliPube;0;0;0;0;0;0;0.124;0;0;0;0;0;0;0;0;0
11;UU;Holcus lanatus;HolcLana;5.88;5.46;8.33;3.339;1.213;0.965;5.33;5.448;3.642;5.708;4.127;3.055;1.419;2.182;6.107;0.293
11;UU;Juncus effusus;JuncEffu;9.1;0.51;0.38;0.6045;0.6427;0.19;0.896;0.537;0.892;0.194;1.093;4.919;4.717;1.321;9.987;4.896
11;UU;Lathyrus pratensis;LathPrat;1.33;0.6;0.47;0.3412;0.2441;0.082;0.229;0.598;0.219;0.045;0.022;0.075;0.258;0.141;0.092;0.099
11;UU;Leontodon hispidus;LeonHisp;0;0.2;0.26;0.841;0.0737;0.022;0.054;0.199;0;0;0;0;0;0;0;0
11;UU;Luzula multiflora ;LuzuMult;0.52;0.29;0.86;0.6665;0.8061;0.767;2.735;0.291;0.257;2.39;0.431;1.366;1.151;1.32;1.915;0.161
11;UU;Lychnis flos-cuculi;LychFlos;0.69;0.4;0.05;0.036;0.0783;0.002;0.541;0.393;0.007;0.997;0.575;4.011;2.952;2.25;4.803;1.158
11;UU;Lysimachia vulgaris;LysiVulg;0.22;0.66;0.27;0.2425;0.1719;0.181;0.009;0.686;0;0.305;0;0;0.009;0;0;0
11;UU;Mentha arvensis;MentArve;0.03;0.01;0;0;0;0;0;0.007;0;0;0;0;0;0;0;0
11;UU;Molinia caerulea;MoliCaeru;9.46;9.77;9.28;10.542;10.128;12.627;18.8;9.745;24.111;21.71;22.695;22.951;33.807;29.484;14.885;34.112
11;UU;Myosotis nemorosa;MyosNemo;0.05;0.03;0.02;0;0;0.078;0.328;0.026;0;0;0;0;0;0;0;0
11;UU;Nardus stricta;NardStri;1.45;1.03;0.92;1.085;1.416;2.377;4.59;1.061;2.831;3.061;3.761;1.201;1.786;2.569;1.091;3.256
11;UU;Plantago lanceolata;PlanLanc;0.9;2.31;4.34;1.906;1.013;1.037;0.32;2.439;0;0;0;0;0;0;0;0
11;UU;Poa pratensis s.l. ;PoaPrat;5.73;2.71;2.33;1.5117;1.081;0.424;0.511;2.772;1.507;1.768;0.973;0.201;1.902;0.18;0.477;0
11;UU;Potentilla erecta;PoteErec;2.24;2.15;3.31;1.679;2.138;1.765;1.48;2.251;1.055;1.456;0.782;0.495;1.491;0.853;0.404;0.485
11;UU;Prunella vulgaris;PrunVulg;0.76;1.43;1.87;1.054;0.4783;0.009;0.058;1.559;0;0;0;0;0.011;0.002;0.005;0
11;UU;Ranunculus acer (Syn. R. acris);RanuAcri;0.17;0.15;0.42;0.0754;0.0538;0;0.398;0.143;1.086;0.759;1.854;1.972;1.252;0;2.641;0.734
11;UU;Ranunculus auricomus;RanuAuri;0;0.02;0;0;0;0;0;0.028;0;0;0;0;0;0;0;0
11;UU;Ranunculus nemorosus;RanuNemo;0;0.03;0;0;0.0504;0;0.008;0.015;0;0;0;0;0.011;0;0;0
11;UU;Rumex acetosa;RumeAcet;0;0.01;0;0.0042;0;0;0.007;0.001;0.002;0.024;0.999;0.467;0.011;0.267;0.156;0.093
11;UU;Sanguisorba officinalis;SangOffi;0.03;0;0;0;0;0;0;0;0;0;0;0;0;0;0;0
11;UU;Scirpus sylvaticus;ScirSylv;0;0;0.42;0;0;0;0;0;2.749;4.502;10.235;6.435;3.562;2.868;3.308;3.084
11;UU;Selinum carvifolia;SeliCarv;1.59;3.69;3.51;1.024;0.0122;0.26;0.215;3.701;0.013;0.196;0.039;0.001;0.049;0.029;0;0
11;UU;Succisa pratensis;SuccPrat;0;0.08;0.21;0.1206;0;0;0;0.083;0.009;0;0;0;0;0;0;0
11;UU;Taraxacum officinale;TaraOffi;0;0;0;0;0;0;0;0;0;0.013;0;0;0;0;0;0
11;UU;Veronica chamaedrys;VeroCham;0;0;0;0.0094;0;0;0;0;0;0;0;0;0;0;0;0
11;UU;Veronica serpyllifolia;VeroSerp;0;0;0;0;0;0;0;0;0;0;0;0;0.009;0;0;0
14;FR;Agrostis canina;AgroCani;48.2;24.89;74.31;49.211;39.875;58.868;65.1;24.808;22.379;30.683;28.946;15.973;19.173;15.337;9.653;20.142
14;FR;Agrostis tenuis (Syn. A.capilaris);AgroTenu;15.29;9.85;16.31;9.716;16.274;13.257;13.02;10.784;0;8.815;4.282;4.948;2.591;1.195;0;0.563
14;FR;Ajuga reptans;AjugRept;0;0;0.09;0;0;0;0;0;0;0;0;0;0;0;0;0
14;FR;Angelica sylvestris;AngeSylv;0.09;0.04;0.2;0;0;0;0;0.048;0;0;0;0.011;0.11;0;0;0
14;FR;Anthoxanthum odoratum;AnthOdor;3.39;1.22;3.74;1.153;0;0;0;1.36;0;0;0;0;0.001;0;0.625;0
14;FR;Betonica officinalis;BetoOffi;0.14;0.15;0.82;0;0.7131;1.297;2.268;0.173;12.569;3.59;1.098;7.022;16.139;9.044;7.589;14.8
14;FR;Briza media;BrizMedi;2.91;0.07;0;0;0;0;0;0.039;0;0;0;0;0;0;0;0.054
14;FR;Cardamine pratensis;CardPrat;0;0;0;0;0;0;0.006;0;0;0;0;0;0;0;0;0
14;FR;Carex hartmanii;CareHart;3.28;1.32;0.93;0.8833;0.6412;1.066;0.182;2.729;1.065;0;0.371;0;0;0;0.182;0
14;FR;Carex leporina;CareLepo;0;0;0.06;0;0;0;0;0;0.12;0;0;0;0;0;0;0
14;FR;Carex nigra;CareNigr;4.59;1.77;0.67;0.982;1.497;0.692;1.07;1.895;0.17;0.73;0.477;1.7;0;1.389;4.197;2.644
14;FR;Carex palescens;CarePall;7.27;2.94;1.14;0.7555;0.6319;0.454;0.28;3.591;0.707;0.755;0;0;0;0;0;0
14;FR;Carex panicea;CarePani;0.33;0;0.16;0;0;0;0;0;0;0;0;0;0;0;0;0
14;FR;Carex piluliferra;CarePilu;0;0;0.04;0;0.5235;0;0.006;0;0;0;0;0;0;0;0;0
14;FR;Carex umbrosa;CareUmbr;0;0;0.04;0;0;0;0;0;0.387;0;0;0;0;0;0;0
14;FR;Cerastium vulgare (Syn. C. holosteoides);CeraHolo;0;0.01;0.02;0;0;0;0;0.005;0;0;0;0;0;0;0;0
14;FR;Cirsium palustre;CirsPalu;0.04;0.27;0;0;0;0;0.009;0.279;0;0;0;0;0;0.001;0;0.045
14;FR;Danthonia decumbens (Syn. Sieglingia decumbens);DantDecu;0;0;0;0;0;0;0;0;0.048;0;0;0;0;0;0;0
14;FR;Deschampsia cespitosa;DescCesp;0;0.03;0;0;0;0.649;0.082;0.037;0.652;1.78;4.562;27.972;86.953;62.516;55.26;51.487
14;FR;Epilobium palustre;EpilPalu;2.09;0;0;0;0;0;0;0;0;0;0;0.209;0;0;0.023;0
14;FR;Equisetum arvense;EquiArve;0;0;0;0;0;0;0;0;0;0;0;0.325;0.068;0.248;0;0.592
14;FR;Festuca ovina;FestOvin;3.57;0.24;7.42;0.0072;0;0.018;3.23;0.223;0;0;0;0;0;0;0;0
14;FR;Festuca pratensis;FestPrat;1.7;0.48;2.02;1.032;0.6777;0;0;0.461;0.607;0;0;0;0;0;0;0
14;FR;Festuca rubra;FestRubr;32.29;32.96;59.24;18.71;16.239;9.201;12.2;33.251;15.132;20.006;8.197;17.432;12.488;22.223;0;28.045
14;FR;Holcus lanatus;HolcLana;9.17;2.48;19.47;24.485;9.873;27.88;13.7;2.711;1.463;10.334;13.834;5.09;0.945;2.02;5.13;2.009
14;FR;Juncus effusus;JuncEffu;13.92;2.94;4.34;3.874;10.017;4.747;4.216;3.254;4.75;5.432;0;15.239;13.915;6.428;22.132;21.342
14;FR;Lathyrus pratensis;LathPrat;1.85;0.25;0.82;0.332;0.2104;0.001;0;0.275;0.01;0;0;0.112;0.02;0.054;0;0
14;FR;Luzula multiflora ;LuzuMult;0;0;0.11;0;0;0;0;0;0;0;0;0;0;0;0;0
14;FR;Lysimachia vulgaris;LysiVulg;4.13;1.29;3.02;0.078;0;0;0;2.083;0;0;0;0;0;0;0;0
14;FR;Molinia caerulea;MoliCaeru;3.31;1.19;0.81;0.8935;0.2861;0;0.059;1.417;0.204;0.034;0.221;0.254;0;0;0.051;0
14;FR;Myosotis nemorosa;MyosNemo;2.7;0.23;0;0;0;0;0;0.221;0;0;0;0;0;0;0;0
14;FR;Nardus stricta;NardStri;4.21;0.34;0.25;0;0;0;0;0.347;0;0;0;0;0;0;0;0
14;FR;Plantago lanceolata;PlanLanc;0.11;0;0;0;0;0;0.022;0;0;0;0;0;0;0;0;2.671
14;FR;Poa pratensis s.l. ;PoaPrat;5.03;0.16;3.5;9.58;0;21.55;7.7;0.174;6.005;3.668;8.119;3.811;4.973;6.324;6.611;5.906
14;FR;Poa trivialis;PoaTriv;0;0;0;0.1789;0.1474;0;0.003;0;0;0;0;0;0.038;0;0;0
14;FR;Potentilla erecta;PoteErec;0.11;0.21;0.24;0.1785;0.1449;0.008;0.01;0.209;0.001;0;0;0.028;0;0.004;0;0.056
14;FR;Prunella vulgaris;PrunVulg;0.02;0;0;0.0045;0;0;0;0;0;0;0;0;0;0;0;0
14;FR;Ranunculus acer (Syn. R. acris);RanuAcri;0.12;0;0;0;0;0;0;0;0;0;0;0;0;0;0;0
14;FR;Ranunculus flamula;RanuFlam;0;0;0;0;0;0;0;0;0;0;0.031;0;0;0;0;0
14;FR;Rumex acetosa;RumeAcet;0.02;0.01;0.31;0.0119;0;0.208;0.854;0.015;0;0;0;0.011;0;0.001;0;0
14;FR;Scirpus sylvaticus;ScirSylv;0;0;0;0;0;0;0;0;9.372;17.281;13.119;15.483;29.73;20.134;32.028;22.679
14;FR;Scorzonera humilis;ScorHumi;0;0;0.09;0.0991;0.0831;0;0;0;0;0;0;0;0;0;0;0
14;FR;Selinum carvifolia;SeliCarv;0.02;0;0;0;0;0;0;0;0;0;0;0;0;0;0;0
14;FR;Stellaria graminea;StellGram;0;0;0;0;0;0.004;0;0;0;0;0.008;0.004;0;0;0;0
14;FR;Valeriana dioica;ValeDioi;0;0;0;0;0;0;0;0;0;0;0.208;0;0;0;0;0
16;UR;Achillea ptarmica;AchiPtar;3.76;5.57;7.7;0.9314;0.2256;1.22;6.422;5.603;2.264;1.549;0.772;0.205;0.175;0.348;0.013;0.06
16;UR;Agrostis canina;AgroCani;0;0;0;0;0;0;0;0;0.253;0.028;0.119;0.198;0.633;0.271;0.291;1.004
16;UR;Agrostis tenuis (Syn. A.capilaris);AgroTenu;4.14;2.99;3.4;3.393;3.13;0.895;7.668;3.035;11.184;1.92;3.581;2.249;1.745;1.55;1.62;1.019
16;UR;Ajuga reptans;AjugRept;0;0;0;0;0;0;0;0;0;0;0.019;0;0;0;0;0
16;UR;Angelica sylvestris;AngeSylv;0.06;0.13;0.17;0.0072;0.0824;0;0.005;0.13;0;0;0.013;0;0;0;0;0
16;UR;Anthoxanthum odoratum;AnthOdor;2.62;3.19;2.87;2.658;2.958;0.123;2.046;3.326;2.083;0.418;3.022;4.854;5.4;1.411;1.872;1.318
16;UR;Betonica officinalis;BetoOffi;0;0;0;0;0;0;0;0;0.007;0;0.222;0.131;0.363;0.85;1.382;4.222
16;UR;Briza media;BrizMedi;3.42;3.53;8.64;3.732;3.693;3.108;5.8;3.573;1.631;3.787;2.312;0.87;0.769;0.02;0.348;1.206
16;UR;Cardamine pratensis;CardPrat;0.06;0.06;0;0;0;0;0.021;0.055;0;0;0;0.005;0;0.009;0;0.013
16;UR;Carex hartmanii;CareHart;3.79;0.93;1.67;0.7749;2.316;0.565;1.214;0.992;0.332;0.035;0.761;3.75;6.135;4.115;2.873;2.105
16;UR;Carex nigra;CareNigr;0.06;0;0;0.0763;0;0;0;0;0;0;0.144;0.261;1.051;0;0.259;0.457
16;UR;Carex palescens;CarePall;4.96;0.98;1.08;0.8528;2.176;0.365;0.768;1.069;1.095;1.016;1.872;7.618;3.904;2.458;3.916;3.187
16;UR;Carex panicea;CarePani;15.17;4.33;4.96;2.768;29.028;2.038;1.172;4.337;1.782;1.353;1.627;8.161;9.664;6.656;6.676;4.789
16;UR;Carex piluliferra;CarePilu;0;0.04;0.15;0.0597;0;0.043;0.038;0.093;0.435;0.379;0.502;0.477;1.042;1.404;1.338;1.683
16;UR;Carex pulicaris;CarePuli;0.39;0.58;0.8;0.2355;0.2586;0.042;0.132;0.711;0.143;0.016;0.433;0.65;0.987;0.769;1.113;0.843
16;UR;Carex umbrosa;CareUmbr;0;0;0;0;0;0;0;0;0;0;0;0.878;0.888;0;0.038;0
16;UR;Cerastium vulgare (Syn. C. holosteoides);CeraHolo;0.04;0.05;0;0;0;0;0;0.057;0;0.011;0.017;0.149;0.073;0.006;0;0
16;UR;Cirsium palustre;CirsPalu;5.97;0.62;0.28;0.1163;0.0917;0;0.012;0.697;0.083;0.064;0.301;1.463;0.381;0.46;0.565;1.318
16;UR;Cynosurus cristatus;CynCris;0;0;0;0;0;0;0.204;0;0.111;0.104;0.124;1.21;0.635;0;0;0
16;UR;Danthonia decumbens (Syn. Sieglingia decumbens);DantDecu;0.07;0.23;0.21;0.1457;0.0943;0;0.838;0.224;0.092;0.107;0.16;0.478;1.639;1.745;0.418;2.374
16;UR;Deschampsia cespitosa;DescCesp;2.45;3.42;3.04;6.44;8.128;12.807;9.62;3.453;7.261;4.319;5.298;2.442;6.914;3.812;2.889;3.459
16;UR;Equisetum arvense;EquiArve;0;0;0;0;0;0;0;0;0;0.172;0.114;0.422;0.371;0.121;0.199;0.235
16;UR;Festuca ovina;FestOvin;0.3;0.43;0.74;0.1632;0.6548;2.064;0.017;0.443;0;0;0.095;0;0.231;0.008;0.124;0.622
16;UR;Festuca pratensis;FestPrat;1.13;1.5;3.24;1.596;1.369;0.158;1.114;1.572;1.8;0.611;1.138;2.569;5.019;1.327;1.093;0.939
16;UR;Festuca rubra;FestRubr;10;9.29;14.71;10.335;7.495;1.606;12.1;9.416;8.639;6.819;5.963;3.548;4.965;4.24;26.747;7.268
16;UR;Galium boreale;GaliBore;0.13;0.58;1.16;0.2167;0.1625;0.607;0.588;0.561;1.755;0.82;0.515;0.313;0.43;0.165;0.064;0.072
16;UR;Galium palustre;GaliPalu;0.11;0;0;0;0;0.046;0.115;0;0;0.223;0.165;0.184;0.118;0.001;0.053;0.015
16;UR;Galium uliginosum;GaliUlig;0.2;0.01;0;0;0;0;0;0.023;0.111;0.237;0;0.005;0.038;0.045;0.045;0.197
16;UR;Helictotrichon pubescens (Syn. Avenula pubescens);HeliPube;0;0;0;0;0;0;0;0;0;0;0;0.003;0;0;0;0.329
16;UR;Holcus lanatus;HolcLana;3.68;2.78;3.49;1.12;0.6641;0.207;2.01;2.819;1.946;0.945;5.079;6.84;0;5.007;4.426;1.804
16;UR;Juncus effusus;JuncEffu;10.11;1.82;1.7;1.283;4.993;0.789;0.503;1.915;1.075;0.279;0.36;3.905;4.713;4.221;2.179;11.787
16;UR;Lathyrus pratensis;LathPrat;0.15;0.22;0.16;0.0709;0;0;0;0.219;0;0;0;0;0;0;0;0
16;UR;Luzula multiflora ;LuzuMult;1.66;1.33;3.99;2.411;1.914;0.526;0.1794;1.36;1.716;3.365;1.976;1.769;1.602;0;13.72;1.61
16;UR;Lychnis flos-cuculi;LychFlos;0.09;0.25;0.16;0.0279;0.0775;0.007;0.029;0.225;0.017;0.127;0.257;1.561;0.468;1.973;1.904;0.023
16;UR;Lysimachia vulgaris;LysiVulg;1.8;1.34;0.51;0.2173;0.3185;0.225;0.0123;1.426;0.049;0.138;0;0.609;1.463;0.116;0.757;0.897
16;UR;Molinia caerulea;MoliCaeru;1.32;1.09;0.58;2.052;2.799;0.763;0.911;1.133;6.034;5.761;3.448;4.072;3.641;6.122;6.071;7.806
16;UR;Myosotis nemorosa;MyosNemo;0.15;0;0;0.001;0;0;0;0;0;0;0;0;0;0;0;0
16;UR;Nardus stricta;NardStri;0.03;0.22;0;0;0;0.011;0.016;0.221;0;0.084;0;0.008;0;0.376;0.314;0.712
16;UR;Plantago lanceolata;PlanLanc;0.35;1.1;2.41;1.575;0.8492;1.094;3.251;1.105;3.093;5.153;5.159;1.505;0.468;0.37;0.465;1.098
16;UR;Poa pratensis s.l. ;PoaPrat;0.09;0;0;0;13.412;0;0;0;0;0;0.084;0;0;0;0;0
16;UR;Poa trivialis;PoaTriv;0;0;0;0;0;0;0.0848;0;0;0;0;0.009;0;0;0.004;0
16;UR;Potentilla erecta;PoteErec;2.15;2.15;1.99;1.526;1.274;1.547;1.892;2.208;1.024;0.425;0.658;0.882;0.683;1.214;1.039;1.601
16;UR;Prunella vulgaris;PrunVulg;1.28;1.71;1.15;0.7474;0.1981;0.189;0.355;1.717;0.149;0.325;0.124;0.264;0.098;0.001;0.032;0.014
16;UR;Ranunculus acer (Syn. R. acris);RanuAcri;0.31;0.36;1.74;0.3531;0.3382;0.321;0.818;0.314;0.554;0.756;2.705;4.097;2.208;2.652;2.137;2.156
16;UR;Ranunculus auricomus;RanuAuri;0.02;0;0;0;0;0;0.054;0;0;0;0;0;0;0;0;0
16;UR;Ranunculus nemorosus;RanuNemo;0;0.01;0;0;0;0;0.024;0.002;0;0.07;0;0;0.305;0.071;0.082;0
16;UR;Rumex acetosa;RumeAcet;0.04;0.2;0.46;0.0672;0;0.034;0.022;0.191;0.041;0;0;0;0;0;0;0
16;UR;Scirpus sylvaticus;ScirSylv;0;0;0;0.7146;3.677;1.27;0.419;0;1.313;0.994;1.269;4.024;4.384;5.103;0;5.694
16;UR;Scorzonera humilis;ScorHumi;0.4;0.54;0.39;0.6985;0.3573;0.594;0.877;0.557;0;0;0.577;0;0.14;0.095;0;0
16;UR;Selinum carvifolia;SeliCarv;0.43;1.7;2.75;1.373;0.3705;0.546;1.789;1.721;1.132;2.166;2.929;0.959;0.133;0.321;0.079;0
16;UR;Succisa pratensis;SuccPrat;0;0;0;0;0;0;0.009;0;0.064;0.319;0.951;2.216;6.219;7.275;5.646;1.187
16;UR;Taraxacum officinale;TaraOffi;0;0;0;0;0;0;0;0;0;0;0.009;0;0;0;0;0
16;UR;Valeriana dioica;ValeDioi;0.02;0;0;0;0;0;0;0;0;0;0;0;0;0;0;0
16;UR;Veronica chamaedrys;VeroCham;1.54;1.25;1.44;0;0;0.132;0.298;1.21;0.118;0;0.189;0.075;0.044;0.002;0;0
16;UR;Veronica officinalis;VeroOffi;0;0;0;0;0.523;0;0;0;0;0;0;0;0;0;0;0
18;FU;Agrostis canina;AgroCani;0;0;0.03;0;0;0;0;0;0.104;0.108;0;0;0.032;0;0;0.315
18;FU;Agrostis tenuis (Syn. A.capilaris);AgroTenu;105.46;27.91;64.01;42.21;51.839;67.219;62.6;27.886;46.107;34.477;38.55;49.542;65.294;31.564;15.99;11.001
18;FU;Angelica sylvestris;AngeSylv;0.11;0;0;0.0034;0;0;0;0;0;0;0;0;0.025;0;0;0
18;FU;Anthoxanthum odoratum;AnthOdor;0;0;0.03;0.0045;0.063;0;0;0;0;0;0;0;0;0;0.169;0
18;FU;Betonica officinalis;BetoOffi;56.74;57.86;54.08;29.056;13.089;14.858;12.5;57.711;24.359;31.36;8.709;8.86;23.939;19.099;21.804;49.63
18;FU;Carex hartmanii;CareHart;0;0;0;0;0;0;0;0;0.075;0;0;0;0;0.119;0.206;0
18;FU;Carex nigra;CareNigr;0;0;0;0;0;0;0;0;0;0;0;0;0.166;0;0.212;1.49
18;FU;Carex palescens;CarePall;0.18;0;0;0;0;0;0.011;0;0.063;0;0.622;1.437;0.376;0;0;0
18;FU;Cerastium vulgare (Syn. C. holosteoides);CeraHolo;0.02;0;0;0;0;0;0;0;0;0;0.014;0;0;0;0;0
18;FU;Cirsium palustre;CirsPalu;0;0.06;0.01;0;0.0745;0.012;0.136;0.035;0;0.024;2.988;1.117;3.636;10.658;0;0
18;FU;Danthonia decumbens (Syn. Sieglingia decumbens);DantDecu;0;0;0;0;0;0;0;0;0.738;0;0;0;0;0;0;0
18;FU;Deschampsia cespitosa;DescCesp;0.01;0.05;0;0;0;0.08;0;0.053;0.05;0.019;0;0;0.063;0;0;0.037
18;FU;Epilobium ciliatum (Syn. E. adenocaulon);EpilCili;0;0;0;0;0;0;0;0;0;0;0.175;0;0;0;0;0
18;FU;Epilobium palustre;EpilPalu;0;0;0;0;0;0.008;0;0;0;0;0;0;0;0;0;0
18;FU;Equisetum arvense;EquiArve;0;0;0;0;0;0;0;0;0;0;0;0;0.436;0.031;0;0
18;FU;Festuca ovina;FestOvin;0.02;0;0;0;0;0;0;0;0;0;0;0;0;0;0;0
18;FU;Festuca pratensis;FestPrat;0.18;0;0;0;0;0;0;0;0;0;0;0;0;0;0.172;0
18;FU;Festuca rubra;FestRubr;14.57;9.59;19.11;8.737;3.491;8.566;10.04;9.544;5.942;2.143;2.473;2.518;9.585;9.335;14.443;7.406
18;FU;Galium boreale;GaliBore;0.17;0;0;0;0;0;0.161;0;0.013;0;0;0;0;0;0;0
18;FU;Galium uliginosum;GaliUlig;0;0;0;0;0;0;0.005;0;0;0;0;0;0;0;0;0
18;FU;Helictotrichon pubescens (Syn. Avenula pubescens);HeliPube;3.94;0.57;4.86;1.021;0.7116;4.082;8.76;0.57;0;1.619;3.211;2.71;0.38;0.951;0.536;0.696
18;FU;Hieracium umbelatum;HierUmbe;0;0;0;0;0;0;0;0;0;0.186;0;0;0;0;0;0
18;FU;Holcus lanatus;HolcLana;5.03;3.49;39.68;46.42;12.073;11.35;11.8;3.601;10.754;16.782;38.034;2.221;5.316;0.06;2.316;0.595
18;FU;Juncus effusus;JuncEffu;12.54;3.7;4.64;1.856;5.473;3.021;1.8;3.74;2.693;3.314;0.908;3.49;10.983;6.209;32.842;33.804
18;FU;Lathyrus pratensis;LathPrat;0;0;0;0;0;0;0;0;0;0;0.444;1.064;3.276;2.017;1.617;2.367
18;FU;Luzula multiflora ;LuzuMult;0;0;0;0.0038;0.037;0;0.097;0;0;0;0;0;0;0;0;0
18;FU;Lychnis flos-cuculi;LychFlos;0.02;0.02;0;0;0.0318;0;0;0.011;0;0;0;0;0;0;0;0
18;FU;Lysimachia vulgaris;LysiVulg;0;0;0;0;0;0;0.119;0;0;0;0;0;0;0;0;0
18;FU;Molinia caerulea;MoliCaeru;17.38;17.71;23.38;10.125;13.473;20.045;11.9;17.697;17.66;14.043;8.97;12.776;10.342;9.345;7.132;18.504
18;FU;Myosotis nemorosa;MyosNemo;0;0.02;0;0;0;0;0;0.021;0;0;0;0;0;0.001;0;0
18;FU;Nardus stricta;NardStri;0.04;0.03;0.04;0;0.1103;0;0.036;0.02;0;0;0;0;0;0;0;0
18;FU;Plantago lanceolata;PlanLanc;0;0.07;0;0;0;0;0;0.072;0.017;0;0;0;0;0;0;0
18;FU;Poa pratensis s.l. ;PoaPrat;1.71;0.43;0.96;0;0;0;0;0.421;0;0;0;0;0;0;1.378;0.771
18;FU;Poa trivialis;PoaTriv;0;0;0;0.0606;0.0236;0;0.259;0;0;0;0;0;0;0;0;0
18;FU;Potentilla erecta;PoteErec;1.31;0.18;0.56;0.3206;0.3702;0.132;0;0.173;0;0.093;0.016;0.057;0.141;0.421;0.073;0
18;FU;Rumex acetosa;RumeAcet;0.19;0.06;0.04;0.0232;0;1.589;0.19;0.053;0;0.023;0.128;0;0;0.001;0.376;0.227
18;FU;Scirpus sylvaticus;ScirSylv;0;0;0;0;0;0;0;0;0;0;0;0;0;0;3.241;4.714
18;FU;Scorzonera humilis;ScorHumi;0.11;0;0;0.1376;0.2078;0;0;0;0;0;0;0;0;0;0;0
18;FU;Selinum carvifolia;SeliCarv;0.01;0;0;0;0;0;0;0;0;0;0;0.021;0.004;0;0;0
18;FU;Valeriana dioica;ValeDioi;0;0;0;0;0;0;0;0;0;0;0.02;0;0;0;0;0
18;FU;Veronica chamaedrys;VeroCham;0;0;0;0;0;0.012;0;0;0;0;0;0;0;0;0;0
20;UU;Achillea ptarmica;AchiPtar;0.28;0.06;0.42;0.0517;0.0549;0.057;0.702;0.08;0.014;0.1;0.222;0;0.024;0;0;0
20;UU;Agrostis canina;AgroCani;4.11;2.19;3.52;0.8285;1.266;1.709;3.231;2.185;7.003;3.806;5.118;4.956;3.477;2.531;2.552;4.208
20;UU;Agrostis tenuis (Syn. A.capilaris);AgroTenu;0;0;0;0.0097;0.2066;0.16;0.73;0;0.609;0.143;0.521;0.239;0.567;0.311;0.042;0.612
20;UU;Ajuga reptans;AjugRept;0.02;0;0;0;0;0;0;0;0;0;0;0;0;0;0;0
20;UU;Angelica sylvestris;AngeSylv;0.1;0.2;0.06;0;0;0;0;0.184;0;0;0;0;0;0;0;0
20;UU;Anthoxanthum odoratum;AnthOdor;2.16;1.19;1.43;0.843;1.346;0.15;0.497;1.185;0.282;0.073;2.789;4.871;0.574;0.482;1.528;0.807
20;UU;Betonica officinalis;BetoOffi;0.71;1.05;2.52;3.06;1.952;3.36;6.6;1.035;7.036;8.779;12.497;9.275;12.567;9.078;10.619;20.554
20;UU;Briza media;BrizMedi;1.88;0.85;1.92;0.6109;0.8892;0.341;0.962;0.838;0.101;0.261;0.176;0.342;0;0.052;0;0.047
20;UU;Cardamine pratensis;CardPrat;0;0;0;0;0.0197;0.002;0.017;0;0.083;0.027;0.099;0.031;0.012;0.113;0.043;0
20;UU;Carex hartmanii;CareHart;0.77;0.76;0.95;0.2962;1.156;0.223;0.57;0.789;0.065;0.722;2.613;1.781;2.132;1.627;3.052;0.579
20;UU;Carex nigra;CareNigr;0;0;0;0.0263;0;0;0;0;0;0;0.197;0.187;0.424;0;0.136;0.065
20;UU;Carex palescens;CarePall;5.32;2.23;3.87;1.594;4.901;1.76;2.48;2.248;0.849;0.381;2.064;1.035;2.237;1.994;3.781;1.824
20;UU;Carex panicea;CarePani;2.93;1.22;1.82;0.5018;1.457;0.665;0.48;1.211;0.15;0.047;0.274;0.139;0.68;0.149;0.319;0.388
20;UU;Carex piluliferra;CarePilu;1.67;1.79;2.45;1.765;1.583;0.633;1.082;1.803;0;0;0.988;1.943;0.765;0.952;0.718;1.053
20;UU;Carex pulicaris;CarePuli;0.1;0.11;0.09;0.0348;0.0561;0;0;0.11;0.012;0;0;0;0;0;0;0
20;UU;Carex umbrosa;CareUmbr;0;0;0;0;0;0;0;0;0;0;0;0.222;0;0;0;0
20;UU;Centaurea jacea;CentJace;0;0;0.14;0.0102;0;0;0;0;0;0;0;0;0;0;0;0
20;UU;Cerastium vulgare (Syn. C. holosteoides);CeraHolo;0.01;0;0;0;0;0;0;0;0;0;0;0;0;0;0;0
20;UU;Cirsium palustre;CirsPalu;1.62;2.39;2.34;1.524;0.0302;0.261;0.736;2.361;0;0.069;8.506;0.116;0.394;0.373;0.393;0
20;UU;Deschampsia cespitosa;DescCesp;0.75;0.81;1.43;0.6169;0.5653;0.862;1.115;0.79;0.249;0.069;0.228;0.079;0.114;0.093;0;0.45
20;UU;Epilobium palustre;EpilPalu;0;0;0;0;0;0.005;0.184;0;0;0;0;0;0;0;0;0
20;UU;Equisetum arvense;EquiArve;0;0;0;0;0;0;0;0;0;0;0;0;0;0;0.052;0
20;UU;Festuca ovina;FestOvin;0.36;0.02;0.15;0.127;1.089;0.346;0.205;0.022;0.513;0.104;0.427;0.521;0.289;1.564;0.699;1.376
20;UU;Festuca pratensis;FestPrat;0.37;0.21;0.41;0.3615;1.339;0.118;0;0.209;0;0;0;0;0;0;0;0
20;UU;Festuca rubra;FestRubr;6.96;5.76;10.01;3.292;3.794;0.978;4.949;5.757;3.036;4.238;3.566;4.97;7.648;4.904;9.722;7.357
20;UU;Galium boreale;GaliBore;0;0;0;0;0;0.708;0.633;0;0.843;0.078;0.183;0.05;0.013;0;0;0
20;UU;Galium palustre;GaliPalu;0;0.01;0;0;0;0;0;0.003;0;0;0;0.008;0.006;0;0;0
20;UU;Galium uliginosum;GaliUlig;0.15;0;0;0;0;0;0.012;0;0.025;0.025;0;0.03;0;0;0.053;0
20;UU;Helictotrichon pubescens (Syn. Avenula pubescens);HeliPube;0;0;0;0.0498;0.0508;0.061;0.1;0;0;0;0.073;0.057;0.618;1.484;0.238;0.267
20;UU;Hieracium umbelatum;HierUmbe;0;0.05;0.29;0.2435;0;0;0.224;0.075;0;0.326;0.611;0;0;1.13;0.094;0.053
20;UU;Holcus lanatus;HolcLana;1.46;1.57;7.7;2.842;3.421;1.667;3.233;1.56;0.577;0.707;3.32;2.233;2.947;2.948;1.872;1.612
20;UU;Juncus effusus;JuncEffu;21.47;6.74;10.24;5.492;23.814;8.671;5.2;6.694;3.972;2.77;6.409;26.031;19.857;15.151;42.381;14.199
20;UU;Lathyrus pratensis;LathPrat;0.03;0;0;0;0;0;0;0;0.003;0;0.257;0.035;0;0;0.092;1.095
20;UU;Leontodon hispidus;LeonHisp;0;0.08;0;0;0;0;0;0;0;0;0;0;0;0;0;0
20;UU;Luzula multiflora ;LuzuMult;1.26;0.91;2.12;2.023;1.534;0.424;2.121;0.913;1.072;1.535;4.084;6.18;3.759;3.162;3.502;1.311
20;UU;Lychnis flos-cuculi;LychFlos;0.7;0.62;0.7;0.1057;0.1763;0.369;0.744;0.609;0.164;0.038;1.24;0.394;0.341;2.192;0.957;0
20;UU;Lysimachia vulgaris;LysiVulg;1.89;0.18;0.14;0.0617;0.0865;0.225;0;0.169;0.002;0;0;0;0;0;0;0
20;UU;Molinia caerulea;MoliCaeru;21.03;18.66;23.37;20.764;16.418;18.806;21.9;18.695;26.594;15.812;13.331;15.457;24.597;18.964;15.354;36.927
20;UU;Myosotis nemorosa;MyosNemo;0.13;0.04;0;0;0;0;0.028;0.034;0;0;0.003;0.036;0;0;0;0
20;UU;Nardus stricta;NardStri;6.89;2.62;3.94;2.163;3.178;4.199;3.671;2.599;4.271;3.236;5.026;4.286;2.529;2.078;1.637;1.754
20;UU;Plantago lanceolata;PlanLanc;1.38;1.92;7.22;2.016;1.847;2.466;3.06;1.898;2.165;2.217;2.508;0.585;0.201;0.905;1.712;1.145
20;UU;Poa pratensis s.l. ;PoaPrat;0.14;0.05;0;0;0;0;0;0.042;0;0;0;0;0;0;0;0
20;UU;Poa trivialis;PoaTriv;0;0;0;0.0074;0.0241;0;0;0;0.016;0;0.01;0;0;0;0;0
20;UU;Potentilla erecta;PoteErec;2.31;1.62;1.66;1.378;0.9928;1.55;1.242;1.636;1.215;0.84;1.196;0.532;0.632;0.59;0.335;0.341
20;UU;Prunella vulgaris;PrunVulg;0.67;0.5;0.42;0.1237;0.1114;0.089;0.206;0.505;0.005;0;0;0;0;0;0;0
20;UU;Ranunculus acer (Syn. R. acris);RanuAcri;0.12;0.22;0.74;0.1762;0.2929;0.066;0.145;0.192;0;0.26;0.476;0.346;0.394;0.703;0;0.257
20;UU;Ranunculus auricomus;RanuAuri;0.01;0.01;0;0;0.0424;0;0;0.02;0;0;0;0;0;0;0;0
20;UU;Rumex acetosa;RumeAcet;0.01;0.01;0.01;0.0134;0;0.011;0;0.003;0;0;0;0;0;0;0.111;0.659
20;UU;Sanguisorba officinalis;SangOffi;0;0;0;0;0;0;0;0;0;0;0.173;0;0;0;0;0
20;UU;Scirpus sylvaticus;ScirSylv;0;0;0;0;0;0;0;0;0;0;0.083;0.685;0;0.273;0.376;0.865
20;UU;Scorzonera humilis;ScorHumi;0.09;0.07;0.45;0.175;0.0777;0.214;0.198;0.055;0.103;0.809;0.435;0;0;0;0;0
20;UU;Selinum carvifolia;SeliCarv;0.82;1.64;5.23;1.409;0.018;0.557;1.011;1.631;0.334;0.936;2.639;1.233;0.281;2.041;0.56;0.058
20;UU;Succisa pratensis;SuccPrat;5.21;8.05;11.18;6.834;1.157;1.803;1.041;8.034;0.599;0.579;0.111;0.305;0.305;0.172;0.127;0
20;UU;Veronica chamaedrys;VeroCham;0;0;0;0;0;0.018;0.052;0;0.034;0.131;0.098;0.321;0.249;0.28;0.092;0.029
21;UR;Agrostis canina;AgroCani;3.34;0.94;0.6;0.1556;0.2202;0.304;0.54;0.933;0.535;0.072;0.047;0.288;0.194;0.552;0.153;0.188
21;UR;Agrostis tenuis (Syn. A.capilaris);AgroTenu;5.57;5;4.95;4.219;2.804;2.979;7.4;5.02;9.556;1.389;1.933;1.284;0.672;0.914;0.098;0.244
21;UR;Angelica sylvestris;AngeSylv;0.05;0.1;0.03;0.0137;0;0;0;0.086;0;0;0.026;0.01;0;0.026;0.011;0
21;UR;Anthoxanthum odoratum;AnthOdor;1.58;0.95;1.66;2.098;1.496;0.077;0.8;0.97;1.273;0.502;2.032;4.227;3.175;2.423;3.205;1.303
21;UR;Betonica officinalis;BetoOffi;0;0;0;0.142;0;0;0;0;0.038;0.045;0.199;0.372;0.341;0.377;0.587;0
21;UR;Briza media;BrizMedi;1.33;1.38;4.8;2.165;2.129;1.524;10.07;1.401;2.828;2.827;1.065;0.106;1.097;0.836;0.069;0.832
21;UR;Carex hartmanii;CareHart;0.51;0.53;0.86;0.8844;1.774;0.795;1.7;0.593;1.01;0.19;0.705;0.783;0.83;1.788;2.202;0.955
21;UR;Carex leporina;CareLepo;0;0;0;0;0.0486;0;0;0;0;0;0.093;0;0;0;0;0
21;UR;Carex nigra;CareNigr;0.13;0;0;0;0;0;0;0;0;0;0;0.226;0;0;0.199;0.371
21;UR;Carex palescens;CarePall;1.77;0.39;0.23;0.1679;1.439;0.782;2.3;0.385;1.163;0.422;1.859;3.566;3.065;1.455;3.105;2.076
21;UR;Carex panicea;CarePani;0.95;0.35;0.33;0.1691;0.9591;1.274;1.3;0.355;1.387;0.984;1.343;2.663;2.504;1.274;1.725;1.282
21;UR;Carex piluliferra;CarePilu;0.09;0.07;0.14;0.2787;0.1768;0.535;0.66;0.065;0.721;0.977;0.967;1.875;1.658;2.159;0.921;1.573
21;UR;Carex umbrosa;CareUmbr;0;0.63;0.95;0.5999;0.2314;0.124;0.04;0.659;0.693;0;0.31;0.049;0.522;0.556;0.658;0.911
21;UR;Centaurea jacea;CentJace;0;0;0.91;0;0;0;0;0;0;0;0;0;0;0;0;0
21;UR;Cerastium vulgare (Syn. C. holosteoides);CeraHolo;0;0;0;0.0038;0;0;0.027;0;0;0;0;0;0.029;0;0;1.556
21;UR;Cirsium palustre;CirsPalu;1.19;2.53;1.47;0.1332;0;0.039;0;2.545;0.04;0.024;0.079;0.46;1.011;0.705;0.727;0
21;UR;Cynosurus cristatus;CynCris;0;0.2;0;0;0;0;0;0.312;0;0;0;0;0;0;0;0
21;UR;Danthonia decumbens (Syn. Sieglingia decumbens);DantDecu;0.05;0.19;0.65;0.7459;0.5325;0.971;1.54;0.243;3.153;0.916;2.086;2.184;4.788;5.291;4.148;14.575
21;UR;Deschampsia cespitosa;DescCesp;0;0;0;0;0;0.133;0;0;0;0;0.015;0;0;0;0;0
21;UR;Equisetum arvense;EquiArve;0;0;0;0;0;0;0;0;0;0;0;0;0;0;0;0.652
21;UR;Festuca ovina;FestOvin;1.48;2.45;5.39;0.4902;1.437;0.27;0.589;2.44;1.162;1.178;1.05;1.075;0.554;1.965;1.055;2.028
21;UR;Festuca pratensis;FestPrat;0.03;0;0;0.036;0;0.553;0.266;0;0.287;0;0;0;0;0;0;0
21;UR;Festuca rubra;FestRubr;8.43;6.65;7.96;4.018;2.106;2.467;5.12;6.67;2.849;2.275;3.803;3.877;4.318;5.055;4.154;2.846
21;UR;Galium boreale;GaliBore;0.22;0.39;0.34;0.6483;0.2676;0.593;1.03;0.385;1.163;1.189;1.188;0.666;1.581;1.098;0.462;0
21;UR;Galium uliginosum;GaliUlig;0.01;0;0;0;0;0;0;0;0.003;0;0;0.002;0;0;0;0.868
21;UR;Helictotrichon pubescens (Syn. Avenula pubescens);HeliPube;0.07;0.34;0.79;0.0154;0.0946;0.189;0;0.35;0.43;0.697;0.491;0;0.101;0.034;0;0.182
21;UR;Hieracium umbelatum;HierUmbe;0;0.39;0.03;0.1377;0.2199;0.437;0.7;0.396;0.643;0.626;1.03;1.197;1.07;0.819;0.138;0.379
21;UR;Holcus lanatus;HolcLana;4.69;2.96;4.4;1.296;0.635;0.632;0.2;2.977;2.389;1.352;1.485;1.171;0.955;1.969;2.787;2.864
21;UR;Juncus effusus;JuncEffu;2.66;0.57;0.65;1.184;10.997;2.733;1.1;0.579;2.256;0.816;2.206;5.121;6.963;3.209;12.592;9.823
21;UR;Lathyrus pratensis;LathPrat;1.02;0.08;0.25;0.1941;0.2268;0.038;0.049;0.056;0.522;0.234;0.274;1.579;0.52;0.318;0.432;0
21;UR;Leontodon hispidus;LeonHisp;0;0;0;0;0;0;0;0.081;0;0;0;0;0;0;0;0.088
21;UR;Luzula multiflora ;LuzuMult;2.27;1.83;4.39;1.834;1.767;0.247;2.139;1.831;0.078;0.692;1.235;2.182;0.83;0.678;0.799;0.766
21;UR;Lychnis flos-cuculi;LychFlos;0.56;3.21;2.84;0.8632;0.1391;0.034;0.28;3.196;0.046;0.085;0.088;0.391;0.718;0.183;0.394;0
21;UR;Molinia caerulea;MoliCaeru;0.73;2.2;1.02;3.07;4.257;1.286;6.3;2.269;5.612;5.997;4.701;6.98;3.198;6.267;6.471;4.107
21;UR;Myosotis nemorosa;MyosNemo;0;0.01;0;0;0;0;0;0.001;0;0.021;0;0;0;0;0;0
21;UR;Nardus stricta;NardStri;4.22;2.58;3.98;2.911;1.253;2.133;1.2;2.626;1.15;0.367;1.092;0.532;0.634;2.776;1.633;3.325
21;UR;Pedicularis sylvatica;PediSylv;0.01;0;0;0.1388;0.1105;0;0;0;0;0;0;0;0;0;0;0
21;UR;Plantago lanceolata;PlanLanc;1.81;5.61;15.13;6.03;3.383;3.545;4.13;5.633;6.693;6.583;6.634;2.335;2.358;2.496;1.391;2.146
21;UR;Poa pratensis s.l. ;PoaPrat;0;0;0;0;0;0;0;0;0;0;0;0;0;0;0.043;0
21;UR;Potentilla erecta;PoteErec;5.3;3.54;2.98;2.959;1.844;3.744;7.7;3.579;5.534;3.004;3.841;2.51;2.727;2.083;1.336;0.064
21;UR;Prunella vulgaris;PrunVulg;0.77;1.94;1.52;0.4489;0.1595;0.332;0.2;1.993;0.031;0.011;0.022;0.297;0.058;0;0.014;0.799
21;UR;Ranunculus acer (Syn. R. acris);RanuAcri;0.3;0.36;0.74;0.5102;0;0.172;0.601;0.347;0.708;0.356;0.66;1.601;1.088;0.737;1.21;0
21;UR;Ranunculus auricomus;RanuAuri;0;0;0;0;0;0;0;0;0;0;0;0;0;0;0;0.111
21;UR;Ranunculus nemorosus;RanuNemo;0;0;0;0;0;0.118;0.091;0;0.202;0.144;0.218;0.241;0.242;0.332;0.697;0
21;UR;Rumex acetosa;RumeAcet;0.09;0.23;1.55;0.1355;0;0.179;0;0.221;0.06;0;0;0;0;0;0;0
21;UR;Sanguisorba officinalis;SangOffi;0;0;0;0;0;0;0;0;0;0;0;0;0;0;0;0.154
21;UR;Scirpus sylvaticus;ScirSylv;0;0;0;0;0;0;0;0;0;0;0;0;0.241;0;0;0
21;UR;Scorzonera humilis;ScorHumi;2;1.6;1.6;1.277;0.8223;1.029;0.86;1.606;0.302;0.382;0.159;0.064;0;0.304;0.062;0.258
21;UR;Selinum carvifolia;SeliCarv;1.73;3.13;3.58;4.924;0.7378;1.755;1.904;3.191;1.138;1.936;3.473;1.945;0.478;0.776;0.411;0
21;UR;Stellaria graminea;StellGram;0;0;0;0;0;0;0;0;0;0;0;0;0;0;0;1.203
21;UR;Succisa pratensis;SuccPrat;0.89;2.75;5.71;5.444;1.602;3.631;1.54;2.778;0.625;0.837;1.078;1.348;1.311;1.714;0.639;0
21;UR;Trifolium repens;TrifRepe;0;0;0;0;0;0.045;0.02;0;0.187;0.013;0.035;0.058;0.042;0.171;0.147;0
21;UR;Veronica chamaedrys;VeroCham;0;0;0;0;0.0672;0;0;0;0;0;0;0;0;0;0;0.32
21;UR;Veronica officinalis;VeroOffi;0;0;0;0.0715;0;0.183;0.037;0;0.076;0;0.033;0.279;0;0.044;0.011;0
23;FR;Agrostis canina;AgroCani;15.93;11.34;0;20.063;11.842;35.107;27.9;11.282;9.563;20.22;17.551;8.659;9.73;9.166;4.748;6.979
23;FR;Agrostis tenuis (Syn. A.capilaris);AgroTenu;0;0;0;0;0;0;0;0;0;0;0;0.068;0;0;0;0
23;FR;Ajuga reptans;AjugRept;0;0;0;0;0;0;0;0;0;0;0;0;0;0;0;7.672
23;FR;Angelica sylvestris;AngeSylv;0.58;1.99;1.47;0.0219;0;0;0;1.985;0;0;0;0;0;0;0;1.007
23;FR;Anthoxanthum odoratum;AnthOdor;0.3;0.37;5.11;5.934;0.7507;0.011;0.054;0.359;0;0;0;0;0.014;0;0;0.071
23;FR;Betonica officinalis;BetoOffi;1.1;0.22;4.23;8.924;4.757;6.267;10.68;0.225;32.211;20.414;11.259;8.323;7.602;4.962;2.882;0.073
23;FR;Carex hartmanii;CareHart;5.12;1.22;2.24;1.903;2.372;2.107;1.06;1.198;1.619;0.466;1.281;0;0;0;1.684;2.444
23;FR;Carex nigra;CareNigr;3.59;0.32;0.91;0.5045;1.276;2.048;2;0.282;2.363;1.357;1.592;2.133;2.39;4.193;3.154;4.432
23;FR;Carex palescens;CarePall;0;0.1;0;0.0312;0;1.00E-04;0;0.102;0;0;0;0;0;0;0.122;0
23;FR;Carex panicea;CarePani;0;0;0;0;0;0;0;0;0;0.104;0;0;0;0;0;0
23;FR;Carex umbrosa;CareUmbr;0;0;0;0;0;0;0;0;0;0;0;0;0;0;0;32.462
23;FR;Cirsium palustre;CirsPalu;8.71;97.25;5.31;0.1797;0;0.041;0.014;96.82;0;0;0.122;0.003;0;0;0;0.578
23;FR;Deschampsia cespitosa;DescCesp;10.07;5.56;13.18;24.767;6.173;9.46;14.2;5.584;11.481;31.021;58.605;44.89;41.782;33.864;17.258;18.237
23;FR;Epilobium palustre;EpilPalu;0;0;0;0;0;0;0;0;0;0;0.006;0;0;0;0;0
23;FR;Equisetum arvense;EquiArve;0;0;0;0;0;0;0;0;0;0;0;0;0.037;0.519;0;0
23;FR;Festuca ovina;FestOvin;0;0;0;0;0;1.057;0;0;0;0;0;0;0;0;0;0
23;FR;Festuca pratensis;FestPrat;11.7;3.89;6.44;1.045;0.1781;0.362;0.559;3.852;0;0;0;0;0;0;0;0
23;FR;Festuca rubra;FestRubr;43.76;39.97;0;23.249;0;23.925;20.4;39.73;14.795;26.288;11.251;7.524;8.969;12.797;12.795;17.609
23;FR;Galium boreale;GaliBore;0.03;0;0;0;0;0;0;0;0;0;0;0;0;0;0;0
23;FR;Galium palustre;GaliPalu;0;0;0;0;0;0;0;0;0;0;0;0;0;0;0;4.865
23;FR;Holcus lanatus;HolcLana;7.62;5.72;0;60.085;41.42;22.229;15.6;5.659;2.447;2.155;11.16;2.114;2.207;4.712;23.556;14.228
23;FR;Juncus effusus;JuncEffu;16.87;4.01;6.13;6.562;21.219;10.961;7.776;4.021;11.1;9.442;7.709;14.702;10.887;11.22;42.357;2.139
23;FR;Lathyrus pratensis;LathPrat;0;0;0;0.8162;0;0;0;0;0;0;0;0.016;1.307;0.604;0.237;15.09
23;FR;Luzula multiflora ;LuzuMult;0.91;0;0.02;0;0.0319;0;0;0;0;0;0;0;0;0;0;0
23;FR;Lychnis flos-cuculi;LychFlos;0.32;0.73;0.25;0;0;0.008;0;0.769;0;0;0;0;0;0;0;0
23;FR;Lysimachia vulgaris;LysiVulg;0;0;0;0;0;0;0;0;0;0;0;0.185;0.278;1.965;14.002;0
23;FR;Molinia caerulea;MoliCaeru;2.79;0.82;1.48;0.942;1.056;0.854;1.033;0.846;0.509;1.011;0.425;0.639;0.266;0.768;0.011;0
23;FR;Myosotis nemorosa;MyosNemo;8.19;0.02;0.03;0;0.0077;0;0;0.049;0;0;0;0;0;0;0;0
23;FR;Nardus stricta;NardStri;1.34;1.51;1.08;0;0.3547;3.74;0.024;1.453;0.232;0.075;0;0;0;0;0;0
23;FR;Poa pratensis s.l. ;PoaPrat;2.69;0.85;0.92;0;0;0;0.13;0.82;0;0;0;0;0;0;0;0
23;FR;Poa trivialis;PoaTriv;0;0;0;0.5041;0.7172;3.197;0.002;0;0;0;0.552;0.143;1.971;0.695;0.047;0
23;FR;Potentilla erecta;PoteErec;0.16;0.12;0.13;0.0202;0.0199;0.06;0.024;0.124;0;0;0;0.001;0;0;0;0
23;FR;Ranunculus acer (Syn. R. acris);RanuAcri;0.1;0.19;0.15;0;0;0;0;0.173;0;0;0;0;0;0;0;0
23;FR;Ranunculus auricomus;RanuAuri;0.02;0.01;0;0.0062;0.0845;0;0;0.023;0;0;0;0;0;0;0;0
23;FR;Rumex acetosa;RumeAcet;0;0;0;0;0;1.832;0.027;0;0;0;0;0;0;0;0;0
23;FR;Scorzonera humilis;ScorHumi;0;0.04;0;0;0;0;0;0.039;0;0;0;0;0;0;0;0
23;FR;Selinum carvifolia;SeliCarv;0.01;0;0;0;0;0;0.056;0;0;0;0.265;0;0;0.336;0;0
23;FR;Stellaria graminea;StellGram;0;0;0;0;0;0;0;0;0;0;0;0.002;0;0;0;0
23;FR;Succisa pratensis;SuccPrat;0;0;0.02;0.007;0;0;0;0;0;0;0;0;0;0;0;0
